"id";"revoked";"department_number";"value";"identifier";"name";"name_en";"credits";"value";"start_date";"education_area_list_id";"percentage";"value";"name";"value";"name";"value";"Saknar huvudområde";"Saknar huvudområde";"plan_description";"objectives";"form_of_instruction";"examination";"literature";"transitional_rules";"limitations";"additional_information";"decision_date";"decision_info"
"7926";"0";"401";"Grundnivå";"AS1002";"Modern kosmologi, orienteringskurs i astronomi";"Modern Cosmology, Introductory Course to Astronomy";"7,5";"AF";"2015-08-31";"2441";"100";"inget";"Grundläggande behörighet.";"FY1";"Fysik";"G1N";"Saknar huvudområde";"Saknar huvudområde";"Kursen behandlar: universums expansion, den kosmiska bakgrundsstrålningen, de första sekunderna, grundämnessyntesen, mörk materia, mörk energi, galax- och stjärnbildning, universums storskaliga struktur och universums framtida öde.";"Efter att ha genomgått kursen skall studenten: • inom ramen för Big Bang-teorin kunna ge en orienterande redogörelse för universums uppkomst, struktur och utveckling fram till idag • visa sådana kunskaper som behövs för att  kunna följa utvecklingen av den astronomiska forskningen och dess metoder";"Undervisningen består av föreläsningar, demonstrationer och studiebesök. Deltagande i studiebesök är obligatoriskt. Om särskilda skäl föreligger kan examinator efter samråd med vederbörande lärare medge den studerande befrielse från skyldigheten att delta i viss obligatorisk undervisning.       ";"a. Kursen examineras på följande vis: kunskapskontroll sker genom skriftliga prov.   b. Betygssättning sker enligt sjugradig målrelaterad betygsskala:  A = Utmärkt B = Mycket bra C = Bra  D = Tillfredsställande E  = Tillräckligt Fx = Otillräckligt F  =  Helt Otillräckligt  c. Kursens betygskriterier delas ut vid kursstart.  d. För godkänt krävs lägst betygsgraden E samt deltagande vid studiebesök.  e. Studerande som underkänts i ordinarie prov har rätt att genomgå ytterligare prov så länge kursen ges. Antalet provtillfällen är inte begränsat. Med prov jämställs också andra obligatoriska kursdelar. Studerande som godkänts på prov får inte genomgå förnyat prov för högre betyg. Studerande som underkänts på prov två gånger har rätt att begära att annan examinator utses vid nästkommande prov. Framställan härom ska göras till institutionsstyrelsen. Kursen har minst två examinationstillfällen per läsår de år då undervisning ges.  f. Vid betyget Fx ges möjlighet att komplettera upp till betyget E. Examinator beslutar om vilka kompletteringsuppgifter som ska utföras och vilka kriterier som ska gälla för att bli godkänd på kompletteringen. Kompletteringen ska äga rum före nästa examinationstillfälle.";"Kurslitteratur beslutas av institutionsstyrelsen och redovisas därefter i bilaga till kursplanen.";"Studerande kan begära att examination genomförs enligt denna kursplan även efter det att den upphört att gälla, dock högst tre gånger under en tvåårsperiod efter det att undervisning på kursen upphört. Framställan härom ska göras till institutionsstyrelsen. Bestämmelsen gäller även vid revidering av kursplanen.";"Kursen kan ej tas med i examen tillsammans med Modern astronomi (AI1220) eller Modern kosmologi (AI6060). Kursen kan ej ingå i examen med astronomi eller fysik som huvudområde.  I kandidatexamen vid Naturvetenskapliga fakulteten, Stockholms universitet, kan normalt högst 15 hp utgöras av kurser klassade som orienteringskurser.  Orienteringskurser kan ej ingå i masterexamen vid Naturvetenskapliga fakulteten, Stockholms universitet.";"Kursen ges som fristående kurs.";"2015-05-18";"Denna kursplan är fastställd av Områdesnämnden för naturvetenskap vid Stockholms universitet 2006-11-13 och reviderad 2008-10-13 och 2015-05-18."
"7926";"0";"401";"Grundnivå";"AS1002";"Modern kosmologi, orienteringskurs i astronomi";"Modern Cosmology, Introductory Course to Astronomy";"7,5";"AF";"2019-09-02";"2441";"100";"inget";"Grundläggande behörighet.";"FY1";"Fysik";"G1N";"Saknar huvudområde";"Saknar huvudområde";"Kursen behandlar: universums expansion, den kosmiska bakgrundsstrålningen, de första sekunderna, grundämnessyntesen, mörk materia, mörk energi, galax- och stjärnbildning, universums storskaliga struktur och universums framtida öde.";"Efter att ha genomgått kursen skall studenten: • inom ramen för Big Bang-teorin kunna ge en orienterande redogörelse för universums uppkomst, struktur och utveckling fram till idag • visa sådana kunskaper som behövs för att  kunna följa utvecklingen av den astronomiska forskningen och dess metoder";"Undervisningen består av föreläsningar, demonstrationer och studiebesök. Deltagande i studiebesök är obligatoriskt. Om särskilda skäl föreligger kan examinator efter samråd med vederbörande lärare medge den studerande befrielse från skyldigheten att delta i viss obligatorisk undervisning.";"a. Kursen examineras på följande vis: kunskapskontroll sker genom skriftliga prov.   b. Betygssättning sker enligt sjugradig målrelaterad betygsskala:  A = Utmärkt B = Mycket bra C = Bra  D = Tillfredsställande E  = Tillräckligt Fx = Otillräckligt F  =  Helt Otillräckligt  c. Kursens betygskriterier delas ut vid kursstart.  d. För godkänt krävs lägst betygsgraden E samt deltagande vid studiebesök.  e. Studerande som underkänts i ordinarie prov har rätt att genomgå ytterligare prov så länge kursen ges. Antalet provtillfällen är inte begränsat. Med prov jämställs också andra obligatoriska kursdelar. Studerande som godkänts på prov får inte genomgå förnyat prov för högre betyg. Studerande som underkänts på prov två gånger har rätt att begära att annan examinator utses vid nästkommande prov. Framställan härom ska göras till institutionsstyrelsen. Kursen har minst två examinationstillfällen per läsår de år då undervisning ges.  f. Vid betyget Fx ges möjlighet att komplettera upp till betyget E. Examinator beslutar om vilka kompletteringsuppgifter som ska utföras och vilka kriterier som ska gälla för att bli godkänd på kompletteringen. Kompletteringen ska äga rum före nästa examinationstillfälle.";"Kurslitteratur beslutas av institutionsstyrelsen och redovisas därefter i bilaga till kursplanen.";"Studerande kan begära att examination genomförs enligt denna kursplan även efter det att den upphört att gälla, dock högst tre gånger under en tvåårsperiod efter det att undervisning på kursen upphört. Framställan härom ska göras till institutionsstyrelsen. Bestämmelsen gäller även vid revidering av kursplanen.";"Kursen kan ej tas med i examen tillsammans med Modern astronomi (AI1220) eller Modern kosmologi (AI6060). Kursen kan ej ingå i examen med astronomi eller fysik som huvudområde.  I kandidatexamen vid Naturvetenskapliga fakulteten, Stockholms universitet, kan normalt högst 15 hp utgöras av kurser klassade som orienteringskurser.  Orienteringskurser kan ej ingå i masterexamen vid Naturvetenskapliga fakulteten, Stockholms universitet.";"Kursen ges som fristående kurs.";"2015-05-18";"Denna kursplan är fastställd av Områdesnämnden för naturvetenskap vid Stockholms universitet 2006-11-13 och reviderad 2008-10-13 och 2015-05-18.  Teknisk revidering av Studentavdelningen 2019-04-26."
"7926";"0";"401";"Grundnivå";"AS1002";"Modern kosmologi, orienteringskurs i astronomi";"Modern Cosmology, Introductory Course to Astronomy";"7,5";"AF";"2007-08-20";"2441";"100";"inget";"Grundläggande behörighet.";"FY1";"Fysik";"G1N";"Saknar huvudområde";"Saknar huvudområde";"Kursen behandlar: universums expansion, den kosmiska bakgrundsstrålningen, de första sekunderna, grundämnessyntesen, mörk materia, galax- och stjärnbildning, universums storskaliga struktur och universums framtida öde.";"Efter att ha genomgått kursen skall studenten: • inom ramen för Big Bang-teorin kunna ge en orienterande redogörelse för universum uppkomst, struktur och utveckling fram till idag • visa sådana kunskaper som behövs för att  kunna följa utvecklingen av den astronomiska forskningen och dess metoder      ";"Undervisningen består av föreläsningar, demonstrationer och studiebesök. Deltagande i studiebesök är obligatoriskt. Om särskilda skäl föreligger kan examinator efter samråd med vederbörande lärare medge den studerande befrielse från skyldigheten att delta i vissa obligatoriska moment.";"a. Kursen examineras på följande vis: kunskapskontroll sker genom skriftligt och/eller muntligt prov.   b. Betygssättning sker enligt sjugradig målrelaterad betygsskala:  A = Utmärkt B = Mycket bra C = Bra  D = Tillfredsställande E  = Tillräckligt Fx = Otillräckligt F  =  Helt Otillräckligt  c. Kursens betygskriterier delas ut vid kursstart.  d. För godkänt krävs lägst betygsgraden E samt deltagande vid studiebesök.  e. Studerande som underkänts i ordinarie prov har rätt att genomgå minst fyra ytterligare prov så länge kursen ges. Med prov jämställs också andra obligatoriska kursdelar. Studerande som godkänts på prov får inte genomgå förnyat prov för högre betyg. Studerande som underkänts på prov två gånger har rätt att begära att annan lärare utses för att bestämma betyg på kursen. Framställan härom ska göras till institutionsstyrelsen.";"Kurslitteratur beslutas av institutionsstyrelsen och redovisas därefter i bilaga till kursplanen.";"Studerande kan begära att examination genomförs enligt denna kursplan även efter det att den upphört att gälla, dock högst tre gånger under en tvåårsperiod efter det att undervisning på kursen upphörandet. Framställan härom ska göras till institutionsstyrelsen.";"Kursen kan ej tas med i examen tillsammans med Modern astronomi (AI1220) eller Modern kosmologi (AI6060). Kursen kan ej ingå i examen med astronomi eller fysik som huvudområde.  I kandidatexamen vid Naturvetenskapliga fakulteten, Stockholms universitet, kan normalt högst 15 hp utgöras av kurser klassade som orienteringskurser.  Orienteringskurser kan ej ingå i masterexamen vid Naturvetenskapliga fakulteten, Stockholms universitet. ";"Kursen ges som fristående kurs.";"2006-11-13";"Denna kursplan är fastställd av naturvetenskapliga fakultetsnämnden vid Stockholms universitet 2006-11-13. "
"7926";"0";"401";"Grundnivå";"AS1002";"Modern kosmologi, orienteringskurs i astronomi";"Modern Cosmology, Introductory Course to Astronomy";"7,5";"AF";"2008-08-18";"2441";"100";"inget";"Grundläggande behörighet.";"FY1";"Fysik";"G1N";"Saknar huvudområde";"Saknar huvudområde";"Kursen behandlar: universums expansion, den kosmiska bakgrundsstrålningen, de första sekunderna, grundämnessyntesen, mörk materia, mörk energi, galax- och stjärnbildning, universums storskaliga struktur och universums framtida öde.";"Efter att ha genomgått kursen skall studenten: • inom ramen för Big Bang-teorin kunna ge en orienterande redogörelse för universums uppkomst, struktur och utveckling fram till idag • visa sådana kunskaper som behövs för att  kunna följa utvecklingen av den astronomiska forskningen och dess metoder";"Undervisningen består av föreläsningar, demonstrationer och studiebesök. Deltagande i studiebesök är obligatoriskt. Om särskilda skäl föreligger kan examinator efter samråd med vederbörande lärare medge den studerande befrielse från skyldigheten att delta i viss obligatorisk undervisning.";"a. Kursen examineras på följande vis: kunskapskontroll sker genom skriftligt och/eller muntligt prov.   b. Betygssättning sker enligt sjugradig målrelaterad betygsskala:  A = Utmärkt B = Mycket bra C = Bra  D = Tillfredsställande E  = Tillräckligt Fx = Otillräckligt F  =  Helt Otillräckligt  c. Kursens betygskriterier delas ut vid kursstart.  d. För godkänt krävs lägst betygsgraden E samt deltagande vid studiebesök.  e. Studerande som underkänts i ordinarie prov har rätt att genomgå minst fyra ytterligare prov så länge kursen ges. Med prov jämställs också andra obligatoriska kursdelar. Studerande som godkänts på prov får inte genomgå förnyat prov för högre betyg. Studerande som underkänts på prov två gånger har rätt att begära att annan lärare utses för att bestämma betyg på kursen. Framställan härom ska göras till institutionsstyrelsen.";"Kurslitteratur beslutas av institutionsstyrelsen och redovisas därefter i bilaga till kursplanen.";"Studerande kan begära att examination genomförs enligt denna kursplan även efter det att den upphört att gälla, dock högst tre gånger under en tvåårsperiod efter det att undervisning på kursen upphörandet. Framställan härom ska göras till institutionsstyrelsen.";"Kursen kan ej tas med i examen tillsammans med Modern astronomi (AI1220) eller Modern kosmologi (AI6060). Kursen kan ej ingå i examen med astronomi eller fysik som huvudområde.  I kandidatexamen vid Naturvetenskapliga fakulteten, Stockholms universitet, kan normalt högst 15 hp utgöras av kurser klassade som orienteringskurser.  Orienteringskurser kan ej ingå i masterexamen vid Naturvetenskapliga fakulteten, Stockholms universitet.";"Kursen ges som fristående kurs.";"2008-10-13";"Denna kursplan är fastställd av Naturvetenskapliga fakultetsnämnden vid Stockholms universitet 2006-11-13 och reviderad 2008-10-13."
"7927";"0";"401";"Grundnivå";"AS1004";"Om planeter och liv i universum, orienteringskurs";"About Planets and Life in the Universe, Introductory Course";"7,5";"AF";"2015-08-31";"2441";"100";"inget";"Grundläggande behörighet.";"FY1";"Fysik";"G1N";"Saknar huvudområde";"Saknar huvudområde";"Kursen behandlar frågorna: Är jorden den enda bebodda planeten i universum? Hur uppkom och utvecklades livet på jorden? Kan något liknande ha hänt på andra planeter ute bland Vintergatans miljarder solar? Finns det andra civilisationer där ute som, liksom vi, frågar sig om de är ensamma i universum? Kan vi i så fall få kontakt med dem?";"Efter att ha genomgått kursen skall studenten: • kunna beskriva hur livet enligt den moderna vetenskapliga teorin kan ha uppkommit på jorden och ifall liv kan ha uppkommit på andra platser i universum • kunna redogöra för de vetenskapliga argumenten för och emot existensen av intelligent liv på andra planeter och hur en eventuell kontakt med andra civilisationer kan äga rum • visa sådana kunskaper som behövs för att på ett översiktligt sätt kunna följa utvecklingen av den astronomiska forskningen och dess metoder";"Undervisningen består av föreläsningar, laborationer samt ett studiebesök.   Deltagande i laborationer samt i projektarbete är obligatoriskt. Om särskilda skäl föreligger kan examinator efter samråd med vederbörande lärare medge den studerande befrielse från skyldigheten att delta i vissa obligatoriska moment.";"a. Kursen examineras på följande vis: kunskapskontroll sker genom skriftliga prov.   b. Betygssättning sker enligt sjugradig målrelaterad betygsskala:  A = Utmärkt B = Mycket bra C = Bra  D = Tillfredsställande E  = Tillräckligt Fx = Otillräckligt F  =  Helt Otillräckligt  c. Kursens betygskriterier delas ut vid kursstart.  d. För godkänt krävs lägst betygsgraden E samt: • godkända skriftliga redovisningar av laborationer  • deltagande vid studiebesök  e. Studerande som underkänts i ordinarie prov har rätt att genomgå ytterligare prov så länge kursen ges. Antalet provtillfällen är inte begränsat. Med prov jämställs också andra obligatoriska kursdelar. Studerande som godkänts på prov får inte genomgå förnyat prov för högre betyg. Studerande som underkänts på prov två gånger har rätt att begära att annan examinator utses vid nästkommande prov. Framställan härom ska göras till institutionsstyrelsen. Kursen har minst två examinationstillfällen per läsår de år då undervisning ges. Mellanliggande år ges minst ett examinationstillfälle.  f. Vid betyget Fx ges möjlighet att komplettera upp till betyget E. Examinator beslutar om vilka kompletteringsuppgifter som ska utföras och vilka kriterier som ska gälla för att bli godkänd på kompletteringen. Kompletteringen ska äga rum före nästa examinationstillfälle.";"Kurslitteratur beslutas av institutionsstyrelsen och redovisas därefter i bilaga till kursplanen.";"Studerande kan begära att examination genomförs enligt denna kursplan även efter det att den upphört att gälla, dock högst tre gånger under en tvåårsperiod efter det att undervisning på kursen upphört. Framställan härom ska göras till institutionsstyrelsen. Bestämmelsen gäller även vid revidering av kursplanen.";"Kursen kan ej tas med i examen tillsammans med Om planeter och liv i universum (AI6040). Kursen kan ej ingå i examen med astronomi eller fysik som huvudområde.  I kandidatexamen vid naturvetenskapliga fakulteten, Stockholms universitet, kan normalt högst 15 hp utgöras av kurser klassade som orienteringskurser.  Orienteringskurser kan ej ingå i masterexamen vid naturvetenskapliga fakulteten, Stockholms universitet.";"Kursen ges som fristående kurs.";"2015-05-18";"Denna kursplan är fastställd av Områdesnämnden för naturvetenskap vid Stockholms universitet 2006-11-13 och reviderad 2015-05-18."
"7927";"0";"401";"Grundnivå";"AS1004";"Om planeter och liv i universum, orienteringskurs";"About Planets and Life in the Universe, Introductory Course";"7,5";"AF";"2019-09-02";"2441";"100";"inget";"Grundläggande behörighet.";"FY1";"Fysik";"G1N";"Saknar huvudområde";"Saknar huvudområde";"Kursen behandlar frågorna: Är jorden den enda bebodda planeten i universum? Hur uppkom och utvecklades livet på jorden? Kan något liknande ha hänt på andra planeter ute bland Vintergatans miljarder solar? Finns det andra civilisationer där ute som, liksom vi, frågar sig om de är ensamma i universum? Kan vi i så fall få kontakt med dem?";"Efter att ha genomgått kursen skall studenten: • kunna beskriva hur livet enligt den moderna vetenskapliga teorin kan ha uppkommit på jorden och ifall liv kan ha uppkommit på andra platser i universum • kunna redogöra för de vetenskapliga argumenten för och emot existensen av intelligent liv på andra planeter och hur en eventuell kontakt med andra civilisationer kan äga rum • visa sådana kunskaper som behövs för att på ett översiktligt sätt kunna följa utvecklingen av den astronomiska forskningen och dess metoder";"Undervisningen består av föreläsningar, laborationer samt ett studiebesök.   Deltagande i laborationer samt i projektarbete är obligatoriskt. Om särskilda skäl föreligger kan examinator efter samråd med vederbörande lärare medge den studerande befrielse från skyldigheten att delta i vissa obligatoriska moment.";"a. Kursen examineras på följande vis: kunskapskontroll sker genom skriftliga prov.   b. Betygssättning sker enligt sjugradig målrelaterad betygsskala:  A = Utmärkt B = Mycket bra C = Bra  D = Tillfredsställande E  = Tillräckligt Fx = Otillräckligt F  =  Helt Otillräckligt  c. Kursens betygskriterier delas ut vid kursstart.  d. För godkänt krävs lägst betygsgraden E samt: • godkända skriftliga redovisningar av laborationer  • deltagande vid studiebesök  e. Studerande som underkänts i ordinarie prov har rätt att genomgå ytterligare prov så länge kursen ges. Antalet provtillfällen är inte begränsat. Med prov jämställs också andra obligatoriska kursdelar. Studerande som godkänts på prov får inte genomgå förnyat prov för högre betyg. Studerande som underkänts på prov två gånger har rätt att begära att annan examinator utses vid nästkommande prov. Framställan härom ska göras till institutionsstyrelsen. Kursen har minst två examinationstillfällen per läsår de år då undervisning ges. Mellanliggande år ges minst ett examinationstillfälle.  f. Vid betyget Fx ges möjlighet att komplettera upp till betyget E. Examinator beslutar om vilka kompletteringsuppgifter som ska utföras och vilka kriterier som ska gälla för att bli godkänd på kompletteringen. Kompletteringen ska äga rum före nästa examinationstillfälle.";"Kurslitteratur beslutas av institutionsstyrelsen och redovisas därefter i bilaga till kursplanen.";"Studerande kan begära att examination genomförs enligt denna kursplan även efter det att den upphört att gälla, dock högst tre gånger under en tvåårsperiod efter det att undervisning på kursen upphört. Framställan härom ska göras till institutionsstyrelsen. Bestämmelsen gäller även vid revidering av kursplanen.";"Kursen kan ej tas med i examen tillsammans med Om planeter och liv i universum (AI6040). Kursen kan ej ingå i examen med astronomi eller fysik som huvudområde.  I kandidatexamen vid naturvetenskapliga fakulteten, Stockholms universitet, kan normalt högst 15 hp utgöras av kurser klassade som orienteringskurser.  Orienteringskurser kan ej ingå i masterexamen vid naturvetenskapliga fakulteten, Stockholms universitet.";"Kursen ges som fristående kurs.";"2015-05-18";"Denna kursplan är fastställd av Områdesnämnden för naturvetenskap vid Stockholms universitet 2006-11-13 och reviderad 2015-05-18.  Teknisk revidering av Studentavdelningen 2019-04-26."
"7927";"0";"401";"Grundnivå";"AS1004";"Om planeter och liv i universum, orienteringskurs";"About Planets and Life in the Universe, Introductory Course";"7,5";"AF";"2007-08-20";"2441";"100";"inget";"Grundläggande behörighet.";"FY1";"Fysik";"G1N";"Saknar huvudområde";"Saknar huvudområde";"Kursen behandlar frågorna: Är jorden den enda bebodda planeten i universum? Hur uppkom och utvecklades livet på jorden? Kan något liknande ha hänt på andra planeter ute bland Vintergatans miljarder solar? Finns det andra civilisationer där ute som, liksom vi, frågar sig om de är ensamma i universum? Kan vi i så fall få kontakt med dem?";"Efter att ha genomgått kursen skall studenten: • kunna beskriva hur livet enligt den moderna vetenskapliga teorin kan ha uppkommit på jorden och ifall liv kan ha uppkommit på andra platser i universum • kunna redogöra för de vetenskapliga argumenten för och emot existensen av intelligent liv på andra planeter och hur en eventuell kontakt med andra civilisationer kan äga rum • visa sådana kunskaper som behövs för att på ett översiktligt sätt kunna följa utvecklingen av den astronomiska forskningen och dess metoder";"Undervisningen består av föreläsningar, laborationer samt ett studiebesök.   Deltagande i laborationer samt i projektarbete är obligatoriskt. Om särskilda skäl föreligger kan examinator efter samråd med vederbörande lärare medge den studerande befrielse från skyldigheten att delta i vissa obligatoriska moment.";"a. Kursen examineras på följande vis: kunskapskontroll sker genom skriftligt och/eller muntligt prov.   b. Betygssättning sker enligt sjugradig målrelaterad betygsskala:  A = Utmärkt B = Mycket bra C = Bra  D = Tillfredsställande E  = Tillräckligt Fx = Otillräckligt F  =  Helt Otillräckligt  c. Kursens betygskriterier delas ut vid kursstart.  d. För godkänt krävs lägst betygsgraden E samt: • godkända skriftliga redovisningar av laborationer  • deltagande vid studiebesök  e. Studerande som underkänts i ordinarie prov har rätt att genomgå minst fyra ytterligare prov så länge kursen ges. Med prov jämställs också andra obligatoriska kursdelar. Studerande som godkänts på prov får inte genomgå förnyat prov för högre betyg. Studerande som underkänts på prov två gånger har rätt att begära att annan lärare utses för att bestämma betyg på kursen. Framställan härom ska göras till institutionsstyrelsen.";"Kurslitteratur beslutas av institutionsstyrelsen och redovisas därefter i bilaga till kursplanen.";"Studerande kan begära att examination genomförs enligt denna kursplan även efter det att den upphört att gälla, dock högst tre gånger under en tvåårsperiod efter det att undervisning på kursen upphörandet. Framställan härom ska göras till institutionsstyrelsen.";"Kursen kan ej tas med i examen tillsammans med Om planeter och liv i universum (AI6040). Kursen kan ej ingå i examen med astronomi eller fysik som huvudområde.  I kandidatexamen vid naturvetenskapliga fakulteten, Stockholms universitet, kan normalt högst 15 hp utgöras av kurser klassade som orienteringskurser.  Orienteringskurser kan ej ingå i masterexamen vid naturvetenskapliga fakulteten, Stockholms universitet.";"Kursen ges som fristående kurs.";"2006-11-13";"Denna kursplan är fastställd av naturvetenskapliga fakultetsnämnden vid Stockholms universitet 2006-11-13."
"7928";"0";"401";"Grundnivå";"AS1005";"Solen och andra stjärnor, orienteringskurs";"The Sun and other Stars, Introductory Course";"7,5";"AF";"2015-08-31";"2441";"100";"inget";"Grundläggande behörighet.";"FY1";"Fysik";"G1N";"Saknar huvudområde";"Saknar huvudområde";"Kursen behandlar: solen och andra stjärnors struktur och utveckling – deras födelse ur det interstellära mediet, liv på huvudserien samt deras spektakulära åldrande och död. De första stjärnorna och universums kemiska utveckling diskuteras.";"Efter att ha genomgått kursen skall studenten: •	kunna beskriva solen och andra stjärnors egenskaper och utveckling •	kunna redogöra för de huvudsakliga fysikaliska processer som bestämmer stjärnors liv och egenskaper •	kunna visa sådana kunskaper som behövs för att inom ämnesområdet stjärnors fysik kunna följa utvecklingen av den astronomiska forskningen och dess metoder";"Undervisningen består av föreläsningar, demonstrationer och kan innehålla laborationer.  Deltagande i laborationer är obligatoriskt. Om särskilda skäl föreligger kan examinator efter samråd med vederbörande lärare medge den studerande befrielse från skyldigheten att delta i vissa obligatoriska moment.";"a. Kursen examineras på följande vis: kunskapskontroll sker genom skriftliga prov.   b. Betygssättning sker enligt sjugradig målrelaterad betygsskala:  A = Utmärkt B = Mycket bra C = Bra  D = Tillfredsställande E  = Tillräckligt Fx = Otillräckligt F  =  Helt Otillräckligt  c. Kursens betygskriterier delas ut vid kursstart.  d. För godkänt krävs lägst betygsgraden E samt: • godkända skriftliga redovisningar av laborationer    e. Studerande som underkänts i ordinarie prov har rätt att genomgå ytterligare prov så länge kursen ges. Antalet provtillfällen är inte begränsat. Med prov jämställs också andra obligatoriska kursdelar. Studerande som godkänts på prov får inte genomgå förnyat prov för högre betyg. Studerande som underkänts på prov två gånger har rätt att begära att annan examinator utses vid nästkommande prov. Framställan härom ska göras till institutionsstyrelsen.  Kursen har minst två examinationstillfällen per läsår de år då undervisning ges. Mellanliggande år ges minst ett examinationstillfälle.  f. Vid betyget Fx ges möjlighet att komplettera upp till betyget E. Examinator beslutar om vilka kompletteringsuppgifter som ska utföras och vilka kriterier som ska gälla för att bli godkänd på kompletteringen. Kompletteringen ska äga rum före nästa examinationstillfälle.";"Kurslitteratur beslutas av institutionsstyrelsen och redovisas därefter i bilaga till kursplanen.";"Studerande kan begära att examination genomförs enligt denna kursplan även efter det att den upphört att gälla, dock högst tre gånger under en tvåårsperiod efter det att undervisning på kursen upphört. Framställan härom ska göras till institutionsstyrelsen. Bestämmelsen gäller även vid revidering av kursplanen. ";"Kursen kan ej tas med i examen tillsammans med Solen och andra stjärnor (AI6050).   Kursen kan ej ingå i examen med astronomi eller fysik som huvudämne.  I kandidatexamen vid naturvetenskapliga fakulteten, Stockholms universitet, kan normalt högst 15 hp utgöras av kurser klassade som orienteringskurser.  Orienteringskurser kan ej ingå i masterexamen vid naturvetenskapliga fakulteten, Stockholms universitet.";"Kursen ges som fristående kurs.";"2015-05-18";"Denna kursplan är fastställd av Områdesnämnden för naturvetenskap vid Stockholms universitet 2006-11-13 och reviderad 2015-05-18."
"7928";"0";"401";"Grundnivå";"AS1005";"Solen och andra stjärnor, orienteringskurs";"The Sun and other Stars, Introductory Course";"7,5";"AF";"2019-09-02";"2441";"100";"inget";"Grundläggande behörighet.";"FY1";"Fysik";"G1N";"Saknar huvudområde";"Saknar huvudområde";"Kursen behandlar: solen och andra stjärnors struktur och utveckling – deras födelse ur det interstellära mediet, liv på huvudserien samt deras spektakulära åldrande och död. De första stjärnorna och universums kemiska utveckling diskuteras.";"Efter att ha genomgått kursen skall studenten: •	kunna beskriva solen och andra stjärnors egenskaper och utveckling •	kunna redogöra för de huvudsakliga fysikaliska processer som bestämmer stjärnors liv och egenskaper •	kunna visa sådana kunskaper som behövs för att inom ämnesområdet stjärnors fysik kunna följa utvecklingen av den astronomiska forskningen och dess metoder";"Undervisningen består av föreläsningar, demonstrationer och kan innehålla laborationer.  Deltagande i laborationer är obligatoriskt. Om särskilda skäl föreligger kan examinator efter samråd med vederbörande lärare medge den studerande befrielse från skyldigheten att delta i vissa obligatoriska moment.";"a. Kursen examineras på följande vis: kunskapskontroll sker genom skriftliga prov.   b. Betygssättning sker enligt sjugradig målrelaterad betygsskala:  A = Utmärkt B = Mycket bra C = Bra  D = Tillfredsställande E  = Tillräckligt Fx = Otillräckligt F  =  Helt Otillräckligt  c. Kursens betygskriterier delas ut vid kursstart.  d. För godkänt krävs lägst betygsgraden E samt: • godkända skriftliga redovisningar av laborationer    e. Studerande som underkänts i ordinarie prov har rätt att genomgå ytterligare prov så länge kursen ges. Antalet provtillfällen är inte begränsat. Med prov jämställs också andra obligatoriska kursdelar. Studerande som godkänts på prov får inte genomgå förnyat prov för högre betyg. Studerande som underkänts på prov två gånger har rätt att begära att annan examinator utses vid nästkommande prov. Framställan härom ska göras till institutionsstyrelsen.  Kursen har minst två examinationstillfällen per läsår de år då undervisning ges. Mellanliggande år ges minst ett examinationstillfälle.  f. Vid betyget Fx ges möjlighet att komplettera upp till betyget E. Examinator beslutar om vilka kompletteringsuppgifter som ska utföras och vilka kriterier som ska gälla för att bli godkänd på kompletteringen. Kompletteringen ska äga rum före nästa examinationstillfälle.";"Kurslitteratur beslutas av institutionsstyrelsen och redovisas därefter i bilaga till kursplanen.";"Studerande kan begära att examination genomförs enligt denna kursplan även efter det att den upphört att gälla, dock högst tre gånger under en tvåårsperiod efter det att undervisning på kursen upphört. Framställan härom ska göras till institutionsstyrelsen. Bestämmelsen gäller även vid revidering av kursplanen.";"Kursen kan ej tas med i examen tillsammans med Solen och andra stjärnor (AI6050).   Kursen kan ej ingå i examen med astronomi eller fysik som huvudämne.  I kandidatexamen vid naturvetenskapliga fakulteten, Stockholms universitet, kan normalt högst 15 hp utgöras av kurser klassade som orienteringskurser.  Orienteringskurser kan ej ingå i masterexamen vid naturvetenskapliga fakulteten, Stockholms universitet.";"Kursen ges som fristående kurs.";"2015-05-18";"Denna kursplan är fastställd av Områdesnämnden för naturvetenskap vid Stockholms universitet 2006-11-13 och reviderad 2015-05-18.  Teknisk revidering av Studentavdelningen 2019-04-26."
"7928";"0";"401";"Grundnivå";"AS1005";"Solen och andra stjärnor, orienteringskurs";"The Sun and other Stars, Introductory Course";"7,5";"AF";"2007-08-20";"2441";"100";"inget";"Grundläggande behörighet.";"FY1";"Fysik";"G1N";"Saknar huvudområde";"Saknar huvudområde";"Kursen behandlar: solen och andra stjärnors struktur och utveckling – deras födelse ur det interstellära mediet, liv på huvudserien samt deras spektakulära åldrande och död. De första stjärnorna och universums kemiska utveckling diskuteras.";"Efter att ha genomgått kursen skall studenten: •	kunna beskriva solen och andra stjärnors egenskaper och utveckling •	kunna redogöra för de huvudsakliga fysikaliska processer som bestämmer stjärnors liv och egenskaper •	kunna visa sådana kunskaper som behövs för att inom ämnesområdet stjärnors fysik kunna följa utvecklingen av den astronomiska forskningen och dess metoder";"Undervisningen består av föreläsningar, demonstrationer och kan innehålla laborationer.  Deltagande i laborationer är obligatoriskt. Om särskilda skäl föreligger kan examinator efter samråd med vederbörande lärare medge den studerande befrielse från skyldigheten att delta i vissa obligatoriska moment.";"a. Kursen examineras på följande vis: kunskapskontroll sker genom skriftligt och/eller muntligt prov.   b. Betygssättning sker enligt sjugradig målrelaterad betygsskala:  A = Utmärkt B = Mycket bra C = Bra  D = Tillfredsställande E  = Tillräckligt Fx = Otillräckligt F  =  Helt Otillräckligt  c. Kursens betygskriterier delas ut vid kursstart.  d. För godkänt krävs lägst betygsgraden E samt: • godkända skriftliga redovisningar av laborationerer    e. Studerande som underkänts i ordinarie prov har rätt att genomgå minst fyra ytterligare prov så länge kursen ges. Med prov jämställs också andra obligatoriska kursdelar. Studerande som godkänts på prov får inte genomgå förnyat prov för högre betyg. Studerande som underkänts på prov två gånger har rätt att begära att annan lärare utses för att bestämma betyg på kursen. Framställan härom ska göras till institutionsstyrelsen.";"Kurslitteratur beslutas av institutionsstyrelsen och redovisas därefter i bilaga till kursplanen.";"Studerande kan begära att examination genomförs enligt denna kursplan även efter det att den upphört att gälla, dock högst tre gånger under en tvåårsperiod efter det att undervisning på kursen upphört. Framställan härom ska göras till institutionsstyrelsen.";"Kursen kan ej tas med i examen tillsammans med Solen och andra stjärnor (AI6050).   Kursen kan ej ingå i examen med astronomi eller fysik som huvudämne.  I kandidatexamen vid naturvetenskapliga fakulteten, Stockholms universitet, kan normalt högst 15 hp utgöras av kurser klassade som orienteringskurser.  Orienteringskurser kan ej ingå i masterexamen vid naturvetenskapliga fakulteten, Stockholms universitet.";"Kursen ges som fristående kurs.";"2006-11-13";"Denna kursplan är fastställd av naturvetenskapliga fakultetsnämnden vid Stockholms universitet 2006-11-13."
"7929";"0";"401";"Grundnivå";"AS1003";"Översiktskurs i astronomi, orienteringskurs";"General Astronomy, Introductory Course";"7,5";"AF";"2010-08-30";"2441";"100";"inget";"Grundläggande behörighet.";"FY1";"Fysik";"G1N";"Saknar huvudområde";"Saknar huvudområde";"Kursen behandlar: det vetenskapliga arbetssättet inom astronomin, instrument och observationsteknik, solsystemet, stjärnornas struktur och utveckling, Vintergatan och andra galaxer, universums födelse och utveckling, speciella objekt, t.ex. kvasarer och svarta hål.";"Efter att ha genomgått kursen skall studenten: • kunna visa orienterande insikter i astronomi och i den astronomiska forskningens  metoder • visa sådana kunskaper som behövs för att kunna följa utvecklingen av den astronomiska forskningen och dess metoder";"Undervisningen består av föreläsningar, demonstrationer och laborationer. Deltagande i laborationer är obligatoriskt. Om särskilda skäl föreligger kan examinator efter samråd med vederbörande lärare medge den studerande befrielse från skyldigheten att delta i vissa obligatoriska moment.";"a. Kursen examineras på följande vis: kunskapskontroll sker genom skriftligt och/eller muntligt prov.  b. Betygssättning sker enligt sjugradig målrelaterad betygsskala:  A = Utmärkt B = Mycket bra C = Bra  D = Tillfredsställande E  = Tillräckligt Fx = Otillräckligt F  =  Helt Otillräckligt  c. Kursens betygskriterier delas ut vid kursstart.  d. För godkänt krävs lägst betygsgraden E samt: •	godkänd skriftlig redovisning av laborationer  e. Studerande som underkänts i ordinarie prov har rätt att genomgå minst fyra ytterligare prov så länge kursen ges. Med prov jämställs också andra obligatoriska kursdelar. Studerande som godkänts på prov får inte genomgå förnyat prov för högre betyg. Studerande som underkänts på prov två gånger har rätt att begära att annan lärare utses för att bestämma betyg på kursen. Framställan härom ska göras till institutionsstyrelsen.";"Kurslitteratur beslutas av institutionsstyrelsen och redovisas därefter i bilaga till kursplanen.";"Studerande kan begära att examination genomförs enligt denna kursplan även efter det att den upphört att gälla, dock högst tre gånger under en tvåårsperiod efter det att undervisning på kursen upphört. Framställan härom ska göras till institutionsstyrelsen.";"Kursen kan ej tas med i examen tillsammans med Översiktskurs i astronomi (AI6010).  Kursen kan ej ingå i examen med astronomi eller fysik som huvudområde.  I kandidatexamen vid Naturvetenskapliga fakulteten, Stockholms universitet, kan normalt höst15 hp utgöras av kurser klassade som orienteringskurser.  Orienteringskurser kan ej ingå i masterexamen vid Naturvetenskapliga fakulteten, Stockholms universitet.";"Kursen ges som fristående kurs.";"2010-10-07";"Denna kursplan är fastställd av Naturvetenskapliga fakultetsnämnden vid Stockholms universitet 2006-11-13 samt reviderad 2010-10-07."
"7929";"0";"401";"Grundnivå";"AS1003";"Översiktskurs i astronomi, orienteringskurs";"General Astronomy, Introductory Course";"7,5";"AF";"2016-01-18";"2441";"100";"inget";"Grundläggande behörighet.";"FY1";"Fysik";"G1N";"Saknar huvudområde";"Saknar huvudområde";"Kursen behandlar: det vetenskapliga arbetssättet inom astronomin, instrument och observationsteknik, solsystemet, stjärnornas struktur och utveckling, Vintergatan och andra galaxer, universums födelse och utveckling, speciella objekt, t.ex. kvasarer och svarta hål.";"Efter att ha genomgått kursen skall studenten: • kunna visa orienterande insikter i astronomi och i den astronomiska forskningens  metoder • visa sådana kunskaper som behövs för att kunna följa utvecklingen av den astronomiska forskningen och dess metoder";"Undervisningen består av föreläsningar, demonstrationer och laborationer. Deltagande i laborationer är obligatoriskt. Om särskilda skäl föreligger kan examinator efter samråd med vederbörande lärare medge den studerande befrielse från skyldigheten att delta i vissa obligatoriska moment.";"a. Kursen examineras på följande vis: kunskapskontroll sker genom skriftliga prov.  b. Betygssättning sker enligt sjugradig målrelaterad betygsskala:  A = Utmärkt B = Mycket bra C = Bra  D = Tillfredsställande E  = Tillräckligt Fx = Otillräckligt F  =  Helt Otillräckligt  c. Kursens betygskriterier delas ut vid kursstart.  d. För godkänt krävs lägst betygsgraden E samt: •	godkänd skriftlig redovisning av laborationer  e. Studerande som underkänts i ordinarie prov har rätt att genomgå ytterligare prov så länge kursen ges. Antalet provtillfällen är inte begränsat. Med prov jämställs också andra obligatoriska kursdelar. Studerande som godkänts på prov får inte genomgå förnyat prov för högre betyg. Studerande som underkänts på prov två gånger har rätt att begära att annan examinator utses vid nästkommande prov. Framställan härom ska göras till institutionsstyrelsen. Kursen har minst två examinationstillfällen per läsår de år då undervisning ges. Mellanliggande år ges minst ett examinationstillfälle.  f. Vid betyget Fx ges möjlighet att komplettera upp till betyget E. Examinator beslutar om vilka kompletteringsuppgifter som ska utföras och vilka kriterier som ska gälla för att bli godkänd på kompletteringen. Kompletteringen ska äga rum före nästa examinationstillfälle.";"Kurslitteratur beslutas av institutionsstyrelsen och redovisas därefter i bilaga till kursplanen.";"Studerande kan begära att examination genomförs enligt denna kursplan även efter det att den upphört att gälla, dock högst tre gånger under en tvåårsperiod efter det att undervisning på kursen upphört. Framställan härom ska göras till institutionsstyrelsen. Bestämmelsen gäller även vid revidering av kursplanen.";"Kursen kan ej tas med i examen tillsammans med Översiktskurs i astronomi (AI6010).  Kursen kan ej ingå i examen med astronomi eller fysik som huvudområde.  I kandidatexamen vid Naturvetenskapliga fakulteten, Stockholms universitet, kan normalt högst 15 hp utgöras av kurser klassade som orienteringskurser.  Orienteringskurser kan ej ingå i masterexamen vid Naturvetenskapliga fakulteten, Stockholms universitet.";"Kursen ges som fristående kurs.";"2015-05-18";"Denna kursplan är fastställd av Områdesnämnden för naturvetenskap vid Stockholms universitet 2006-11-13 samt reviderad 2010-10-07 och 2015-05-18."
"7929";"0";"401";"Grundnivå";"AS1003";"Översiktskurs i astronomi, orienteringskurs";"General Astronomy, Introductory Course";"7,5";"AF";"2019-09-02";"2441";"100";"inget";"Grundläggande behörighet.";"FY1";"Fysik";"G1N";"Saknar huvudområde";"Saknar huvudområde";"Kursen behandlar: det vetenskapliga arbetssättet inom astronomin, instrument och observationsteknik, solsystemet, stjärnornas struktur och utveckling, Vintergatan och andra galaxer, universums födelse och utveckling, speciella objekt, t.ex. kvasarer och svarta hål.";"Efter att ha genomgått kursen skall studenten: • kunna visa orienterande insikter i astronomi och i den astronomiska forskningens  metoder • visa sådana kunskaper som behövs för att kunna följa utvecklingen av den astronomiska forskningen och dess metoder";"Undervisningen består av föreläsningar, demonstrationer och laborationer. Deltagande i laborationer är obligatoriskt. Om särskilda skäl föreligger kan examinator efter samråd med vederbörande lärare medge den studerande befrielse från skyldigheten att delta i vissa obligatoriska moment.";"a. Kursen examineras på följande vis: kunskapskontroll sker genom skriftliga prov.  b. Betygssättning sker enligt sjugradig målrelaterad betygsskala:  A = Utmärkt B = Mycket bra C = Bra  D = Tillfredsställande E  = Tillräckligt Fx = Otillräckligt F  =  Helt Otillräckligt  c. Kursens betygskriterier delas ut vid kursstart.  d. För godkänt krävs lägst betygsgraden E samt: •	godkänd skriftlig redovisning av laborationer  e. Studerande som underkänts i ordinarie prov har rätt att genomgå ytterligare prov så länge kursen ges. Antalet provtillfällen är inte begränsat. Med prov jämställs också andra obligatoriska kursdelar. Studerande som godkänts på prov får inte genomgå förnyat prov för högre betyg. Studerande som underkänts på prov två gånger har rätt att begära att annan examinator utses vid nästkommande prov. Framställan härom ska göras till institutionsstyrelsen. Kursen har minst två examinationstillfällen per läsår de år då undervisning ges. Mellanliggande år ges minst ett examinationstillfälle.  f. Vid betyget Fx ges möjlighet att komplettera upp till betyget E. Examinator beslutar om vilka kompletteringsuppgifter som ska utföras och vilka kriterier som ska gälla för att bli godkänd på kompletteringen. Kompletteringen ska äga rum före nästa examinationstillfälle.";"Kurslitteratur beslutas av institutionsstyrelsen och redovisas därefter i bilaga till kursplanen.";"Studerande kan begära att examination genomförs enligt denna kursplan även efter det att den upphört att gälla, dock högst tre gånger under en tvåårsperiod efter det att undervisning på kursen upphört. Framställan härom ska göras till institutionsstyrelsen. Bestämmelsen gäller även vid revidering av kursplanen.";"Kursen kan ej tas med i examen tillsammans med Översiktskurs i astronomi (AI6010).  Kursen kan ej ingå i examen med astronomi eller fysik som huvudområde.  I kandidatexamen vid Naturvetenskapliga fakulteten, Stockholms universitet, kan normalt högst 15 hp utgöras av kurser klassade som orienteringskurser.  Orienteringskurser kan ej ingå i masterexamen vid Naturvetenskapliga fakulteten, Stockholms universitet.";"Kursen ges som fristående kurs.";"2015-05-18";"Denna kursplan är fastställd av Områdesnämnden för naturvetenskap vid Stockholms universitet 2006-11-13 samt reviderad 2010-10-07 och 2015-05-18.  Teknisk revidering av Studentavdelningen 2019-04-26."
"7929";"0";"401";"Grundnivå";"AS1003";"Översiktskurs i astronomi, orienteringskurs";"General Astronomy, Introductory Course";"7,5";"AF";"2007-08-20";"2441";"100";"inget";"Grundläggande behörighet.";"FY1";"Fysik";"G1N";"Saknar huvudområde";"Saknar huvudområde";"Kursen behandlar: det vetenskapliga arbetssättet inom astronomin, instrument och observationsteknik, solsystemet, stjärnornas struktur och utveckling, Vintergatan och andra galaxer, universums födelse och utveckling, speciella objekt, t.ex. kvasarer och svarta hål.";"Efter att ha genomgått kursen skall studenten: • kunna visa orienterande insikter i astronomi och i den astronomiska forskningens  metoder • visa sådana kunskaper som behövs för att kunna följa utvecklingen av den astronomiska forskningen och dess metoder";"Undervisningen består av föreläsningar, demonstrationer, studiebesök och laborationer. Deltagande i laborationer och studiebesök är obligatoriskt. Om särskilda skäl föreligger kan examinator efter samråd med vederbörande lärare medge den studerande befrielse från skyldigheten att delta i vissa obligatoriska moment.";"a. Kursen examineras på följande vis: kunskapskontroll sker genom skriftligt och/eller muntligt prov.  b. Betygssättning sker enligt sjugradig målrelaterad betygsskala:  A = Utmärkt B = Mycket bra C = Bra  D = Tillfredsställande E  = Tillräckligt Fx = Otillräckligt F  =  Helt Otillräckligt  c. Kursens betygskriterier delas ut vid kursstart.  d. För godkänt krävs lägst betygsgraden E samt: •	godkänd skriftlig redovisning av laborationer och deltagande i studiebesök vid observatorium  e. Studerande som underkänts i ordinarie prov har rätt att genomgå minst fyra ytterligare prov så länge kursen ges. Med prov jämställs också andra obligatoriska kursdelar. Studerande som godkänts på prov får inte genomgå förnyat prov för högre betyg. Studerande som underkänts på prov två gånger har rätt att begära att annan lärare utses för att bestämma betyg på kursen. Framställan härom ska göras till institutionsstyrelsen.";"Kurslitteratur beslutas av institutionsstyrelsen och redovisas därefter i bilaga till kursplanen.";"Studerande kan begära att examination genomförs enligt denna kursplan även efter det att den upphört att gälla, dock högst tre gånger under en tvåårsperiod efter det att undervisning på kursen upphört. Framställan härom ska göras till institutionsstyrelsen.";"Kursen kan ej tas med i examen tillsammans med Översiktskurs i astronomi (AI6010).  Kursen kan ej ingå i examen med astronomi eller fysik som huvudområde.  I kandidatexamen vid Naturvetenskapliga fakulteten, Stockholms universitet, kan normalt höst15 hp utgöras av kurser klassade som orienteringskurser.  Orienteringskurser kan ej ingå i masterexamen vid Naturvetenskapliga fakulteten, Stockholms universitet.";"Kursen ges som fristående kurs.";"2006-11-13";"Denna kursplan är fastställd av naturvetenskapliga fakultetsnämnden vid Stockholms universitet 2006-11-13."
"9831";"0";"172";"Grundnivå";"JKA902";"Kärlek och motstånd: Dikt och narration i japansk hovlitteratur";"Love and Resistance: Poetry and Narration in Japanese Court Literature";"7,5";"AF";"2018-01-15";"2434";"100";"inget";"Grundläggande behörighet.";"JAA";"Japanska";\N;"Saknar huvudområde";"Saknar huvudområde";"Kursen omfattar ett studium av representativa fiktiva texter från Heian-perioden (794 - 1185) med huvudsaklig inriktning på 900 - 1000-talens hovlitteratur. I denna primärt feminina poetiska och narrativa diskurs tas kärlek och motstånd som figurer upp för tolkning och omtolkning i en diskussion kring centrala teman och begrepp.";"För godkänt resultat på kursen ska studenten kunna: - orientera sig i Heian-periodens fiktionslitteratur - identifiera och beskriva ett antal viktiga litterära genrer från Heian-perioden - kommunicera fakta inom området muntligt och skriftligt - tolka och omtolka litterära texter - diskutera för periodens fiktionslitteratur centrala teman och begrepp";"Undervisningen består av föreläsningar och seminarier.  Närvaro på all undervisning är obligatorisk.  För mer detaljerad information hänvisas till kursbeskrivningen. Kursbeskrivningen finns tillgänglig senast en månad före kursstart.";"a. Kursen examineras genom en hemskrivning.  För mer detaljerad information hänvisas till kursbeskrivningen. Kursbeskrivningen finns tillgänglig senast en månad före kursstart.  b. Betygssättning sker enligt en målrelaterad sjugradig betygsskala: A = Utmärkt, B = Mycket bra, C = Bra, D = Tillfredsställande, E = Tillräckligt, Fx = Otillräckligt, F = Helt otillräckligt.  c. De skriftliga betygskriterierna meddelas studenterna vid kursstart. Meddelade målrelaterade betygskriterier är bindande.  d. För att få slutbetyg på kursen krävs lägst betyget E på  hemskrivningen samt fullgjord närvaro om 80%.  Om särskilda skäl föreligger kan examinator efter samråd med ansvarig lärare medge den studerande befrielse från skyldigheten att delta i viss obligatorisk undervisning eller fullgörande av obligatoriska uppgifter. Studenten kan då åläggas en kompensationsuppgift.  e. För varje kurstillfälle erbjuds minst två examinationstillfällen. Det läsår som kurstillfälle saknas erbjuds minst ett examinationstillfälle.  Studerande som fått betyget Fx eller F på prov två gånger i rad av en och samma examinator har rätt att få annan examinator utsedd vid nästkommande prov, om inte särskilda skäl talar emot det. Framställan om detta ska göras till institutionsstyrelsen.  Studerande som fått lägst betyget E får inte genomgå förnyad examination för högre betyg.  f. Möjlighet till komplettering av betyg Fx upp till godkänt betyg ges inte på denna kurs.";"För aktuell kurslitteratur hänvisas till institutionens webbplats på www.su.se/asia. Aktuell kurslitteratur finns tillgänglig senast två månader före kursstart.";"När kursplanen är upphävd har studenten rätt att examineras en gång per termin enligt föreliggande kursplan under en avvecklingsperiod på tre terminer.";"Kursen får inte tillgodoräknas i examen samtidigt med sådan inom eller utom landet genomgången och godkänd kurs vars innehåll helt eller delvis överensstämmer med innehållet i kursen.";\N;"2017-09-15";"Denna kursplan fastställdes av prefekten för Institutionen för orientaliska språk 2007-11-12, och reviderades senast av institutionsstyrelsen vid Institutionen för Asien-, Mellanöstern- och Turkietstudier 2017-09-15."
"9831";"0";"172";"Grundnivå";"JKA902";"Kärlek och motstånd: Dikt och narration i japansk hovlitteratur";"Love and Resistance: Poetry and Narration in Japanese Court Literature";"7,5";"AF";"2008-06-09";"2434";"100";"inget";"Grundläggande behörighet.";"JAA";"Japanska";\N;"Saknar huvudområde";"Saknar huvudområde";"Kursen omfattar ett studium av representativa fiktiva texter från Heian-perioden (794 - 1185) med huvudsaklig inriktning på 900 - 1000-talens hovlitteratur. I denna primärt feminina poetiska och narrativa diskurs tas kärlek och motstånd som figurer upp för tolkning och omtolkning i en diskussion kring centrala teman och begrepp.";"Efter att ha genomgått kursen förväntas studenten kunna: - orientera sig i Heian-periodens fiktionslitteratur - identifiera och beskriva ett antal viktiga litterära genrer från Heian-perioden - kommunicera fakta inom området muntligt och skriftligt - tolka och omtolka litterära texter - diskutera för periodens fiktionslitteratur centrala teman och begrepp";"Undervisning ges i mån av resurser. Undervisningsformen anpassas till lärandemålen för kursen, gruppstorlek, resurser m.m., vilket innebär att flera olika undervisningsformer kan komma att tillämpas för kursen såsom föreläsningar, seminarier, gruppövningar, muntliga redovisningar m.m.Undervisningsformerna för kursen den innevarande terminen finns angivna i den kursbeskrivning som delas ut vid kursstart.";"Kursen examineras kontinuerligt genom närvaro och aktivt deltagande samt olika former av muntliga och skriftliga examinationsformer. Examinationsformerna anapassas till kursens lärandemål, gruppstorlek m.m. och finns jämte betygskriterier den innevarande terminen angivna i den kursbeskrivning som delas ut vid kursstart. Betygssättning sker genom en målrelaterad sjugradig betygsskala A-F. För att få slutbetyg på kursen krävs lägst betyget E på samtliga delkurser. Vid underkännande gäller att studerande som fått betyget Fx eller F på ett prov har rätt att genomgå ytterligare fyra prov så länge kursen ges för att uppnå lägst betyget E. Studerande som fått lägst betyget E på prov får inte genomgå förnyat prov för högre betyg. Studerande som fått betyget Fx eller F på prov två gånger av en ochh samma examinator har rätt att få annan examinator utsedd för att bestämma betyg på provet om inte särskilda skäl talar emot det. Framställan härom ska göras till institutionsstyrelsen.";"Bowring, Richard, Murasaki Shikibu: The Tale of Genji, Cambridge UP (Cambridge,  1988), s. 1-12.  Craigh McCullough, Helen,  transl.& annot. Kokin Wakashû. The First Imperial Anthology of Japanese Poetry. With Tosa Nikki and Shinsen Waka. Stanford: Stanford UP, 1985.    transl., with an Introduction and Notes. The Tales of Ise. Lyrical Episodes from Tenth-Century Japan. Tokyo: Tokyo UP, 1968, s. 100-1, 110-11, 124-126, 129.   Field, Norma, The Splendour of Longing in The Tale of Genji, Center for Japanese Studies, The University of Michigan, Michigan Classics in Japanese Studies, No.21, Princeton UP (1987), s. 89-92.   Gatten, Aileen, Death and Salvation in Genji Monogatari, i New Leaves. Studies and Translations of Japanese Literature in Honor of Edward Seidensticker, ed. Aileen Gatten and Anthony Hood Chambers, Michigan Monograph Series in Japanse Studies, Number 11, Center for Japanese Studies, The University of Michigan (Ann Arbor, 1993), s. 5-9, 11-17, 22-24.   Harris, H. Jay (övers.), The Tales of Ise, Tut Books, Charles E. Tuttle Company (Rutland, Vermont & Tokyo, Japan, 1972) [1984], s. 45-48, 64-67, 83-85, 107-10.  Konishi Jin ichi, A History of Japanese Literature, Vol. 2. The Early Middle Ages, Princeton UP (Princeton, 1986).  Lindberg-Wada,  Gunilla,    Monogatari som genre i japansk litteratur, Genrer och genreproblem: teoretiska och historiska perspektiv/Genres and Their Problems: Theoretical and Historical Perspectives, red. Beata Agrell and Ingela Nilsson, Daidalos (Göteborg, 2003), s. 471-478.    Den brinnande kärleken i japansk poesi, Orientaliska studier 63, s. 11-16.   Miner, Earl, Comparative Poetics. An Intercultural Essay on Theories of Literature, s. 226-238.  Murasaki Shikibu, Genji monogatari, övers. Tyler, Royall (övers.), The Tale of Genji. New York, London etc.: Viking Penguin (Paperback), 2001.  Rodd, Laurel Rasplica w. Henkenius, Mary, Kokinshû. A Collection of Poems Ancient and Modern, Princeton UP (Princeton, 1984), s. 3-5, 15-24.   Shirane, Haruo,    ed. Traditional Japanese Literature: An Anthology, Beginnings to 1600 (New York, 2007).   The Bridge of Dreams  A Poetics of The Tale of Genji Stanford UP (Stanford, California, 1987), s. 68-72.   Sugawara Takasues dotter, Sarashina nikki, sv. övers. av Vibeke Emond, Om mitt liv, Ellerströms (Lund, 2006), s. 57-59, 65, 77-79, 83-85, 88-89, 91, 97.  Wallace, John R., Objects of Discourse. Memoirs by Women of Heian Japan, Michigan Monograph Series in Japanse Studies, Number 54, Center for Japanese Studies, The University of Michigan (Ann Arbor, 2005), s. 19-21, 40-45, 203-207.";"För information om överensstämmelser med det tidigare kurssystemet hänvisas till avdelningens studierektor eller motsvarande.";"Kursen får inte tillgodoräknas i examen samtidigt med sådan inom eller utom landet genomgången och godkänd kurs vars innehåll helt eller delvis överensstämmer med innehållet i kursen.";\N;"2007-11-12";"Denna kursplan fastställdes av prefekten för Institutionen för orientaliska språk 2007-11-12."
"9865";"0";"464";"Grundnivå";"GG1009";"Livets utveckling, orienteringskurs";"Evolution of Life, Introductory Course";"7,5";"AF";"2011-01-17";"2441";"100";"inget";"Grundläggande behörighet.";"GVA";"Geovetenskap";\N;"Saknar huvudområde";"Saknar huvudområde";"a. Kursen behandlar: •	problematiken om livets ursprung •	de första bakterierna •	uppkomsten av flercelliga organismer •	den kambriska ""explosionen"" •	växtvärldens utveckling •	från fisk till amfibie, ett stort steg •	däggdjurens utveckling  •	evolutionsteori  b. Kursen består av följande moment: 1. Exkursion 1,5 hp (Field Trip) 2. Teori 6 hp (Theory)";"Efter att ha genomgått kursen förväntas studenten kunna:   •	redogöra för organismvärldens utveckling  •	redogöra för hur plattektonik och klimatförändringar påverkat utvecklingsmönstret hos Jordens organismer •	redogöra för hur flercelliga organismer uppstått •	redogöra för de olika evertebraternas utveckling •	beskriva utvecklingskedjan fiskar-amfibier-reptiler-däggdjur •	redogöra för paleooceanografins och paleogeografins betydelse för organismvälden";"Kursen ges som kvällskurs samt som distanskurs. Undervisningen består av förläsningar, alternativt webbaserad undervisning, övningar samt exkursion.  Deltagande i övningarna och exkursion är obligatoriskt. Om särskilda skäl föreligger kan examinator efter samråd med vederbörande lärare medge den studerande befrielse från skyldigheten att delta i vissa obligatoriska moment.";"a. Kursen examineras på följande vis: Moment 1 examineras genom skriftliga inlämnade uppgifter.   b. Betygsättning sker enligt sjugradig målrelaterad betygskala: A = Utmärkt B = Mycket bra C = Bra D = Tillfredsställande E = Tillräckligt Fx = Otillräckligt F = Helt Otillräckligt  c. Kursens betygskriterier delas ut vid kursstart.  d. För godkänt krävs lägst betygsgraden E, godkänt på moment 2 samt deltagande i all obligatorisk undervisning.  e. Studerande som underkänts i ordinarie prov har rätt att genomgå minst fyra ytterligare prov så länge kursen ges. Med prov jämställs också andra obligatoriska kursdelar. Studerande som godkänts på prov får inte genomgå förnyat prov för högre betyg. Studerande som underkänts på prov två gånger har rätt att begära att annan lärare utses för att bestämma betyg på kursen. Framställan härom ska göras till institutionsstyrelsen.  f. Möjlighet till komplettering av betyget Fx upp till godkänt betyg ges inte på denna kurs.";"Kurslitteratur fastställs av institutionsstyrelsen och redovisas därefter i bilaga till kursplanen.";"Studerande kan begära att examination enligt denna kursplan genomförs högst tre gånger under en tvåårsperiod efter det att den upphört att gälla. Framställan härom ska göras till institutionsstyrelsen.";"Kursen kan ej ingå i examen tillsammans med kursen Livets utveckling 5 p (GO1040) eller Livets historia 10 p (GO3260).  I kandidatexamen vid Naturvetenskapliga fakulteten, Stockholms universitet, kan normalt högst 15 hp utgöras av kurser klassade som orienteringskurser.  Orienteringskurser kan ej ingå i masterexamen vid Naturvetenskapliga fakulteten, Stockholms universitet.";"Kursen ges som fristående kurs men kan också läsas inom kandidatprogrammet i geologi och kandidatprogrammet i geovetenskap.  Kursen kan innehålla fältmoment som kan medföra kostnader för studenten.  Kursen ges som fristående kurs.";"2011-01-17";"Denna kursplan är fastställd av Naturvetenskapliga fakultetsnämnden vid Stockholms universitet 2007-10-15 och reviderad 2011-01-17."
"9865";"0";"464";"Grundnivå";"GG1009";"Livets utveckling, orienteringskurs";"Evolution of Life, Introductory Course";"7,5";"AF";"2007-08-20";"2441";"100";"inget";"Grundläggande behörighet.";"GVA";"Geovetenskap";\N;"Saknar huvudområde";"Saknar huvudområde";"Kursen behandlar: •	problematiken om livets ursprung •	de första bakterierna •	uppkomsten av flercelliga organismer •	den kambriska ""explosionen"" •	växtvärldens utveckling •	från fisk till amfibie, ett stort steg •	däggdjurens utveckling  •	evolutionsteori  Kursen består av två moment: 1 Teori (Theory) 6 hp, provkod T1GG 2 Exkursion (Field Trip), 1,5 hp, provkod F1GG";"Efter att ha genomgått kursen förväntas studenten kunna:   •	redogöra för organismvärldens utveckling  •	redogöra för hur plattektonik och klimatförändringar påverkat utvecklingsmönstret hos Jordens organismer •	redogöra för hur flercelliga organismer uppstått •	redogöra för de olika evertebraternas utveckling •	beskriva utvecklingskedjan fiskar-amfibier-reptiler-däggdjur •	redogöra för paleooceanografins och paleogeografins betydelse för organismvälden";"Kursen ges som kvällskurs samt som distanskurs. Undervisningen består av förläsningar, alternativt webbaserad undervisning, övningar samt exkursion.  Deltagande i övningarna och exkursion är obligatoriskt. Om särskilda skäl föreligger kan examinator efter samråd med vederbörande lärare medge den studerande befrielse från skyldigheten att delta i vissa obligatoriska moment.";"a. Kursen examineras på följande vis: Moment 1 examineras genom skriftliga inlämnade uppgifter.   b. Betygsättning sker enligt sjugradig målrelaterad betygskala: A = Utmärkt B = Mycket bra C = Bra D = Tillfredsställande E = Tillräckligt Fx = Otillräckligt F = Helt Otillräckligt  c. Kursens betygskriterier delas ut vid kursstart.  d. För godkänt krävs lägst betygsgraden E, godkänt på moment 2 samt deltagande i all obligatorisk undervisning.  e. Studerande som underkänts i ordinarie prov har rätt att genomgå minst fyra ytterligare prov så länge kursen ges. Med prov jämställs också andra obligatoriska kursdelar. Studerande som godkänts på prov får inte genomgå förnyat prov för högre betyg. Studerande som underkänts på prov två gånger har rätt att begära att annan lärare utses för att bestämma betyg på kursen. Framställan härom ska göras till institutionsstyrelsen.";"Kurslitteratur fastställs av institutionsstyrelsen och redovisas därefter i bilaga till kursplanen.";"Studerande kan begära att examination enligt denna kursplan genomförs högst tre gånger under en tvåårsperiod efter det att den upphört att gälla. Framställan härom ska göras till institutionsstyrelsen.";"Kursen kan ej ingå i examen tillsammans med kursen Livets utveckling 5 p (GO1040) eller Livets historia 10 p (GO3260). I kandidatexamen vid Naturvetenskapliga fakulteten, Stockholms universitet, kan normalt högst 15 hp utgöras av kurser klassade som orienteringskurser. Orienteringskurser kan ej ingå i masterexamen vid Naturvetenskapliga fakulteten, Stockholms universitet.";"Kursen kan innehålla fältmoment som kan medföra kostnader för studenten. Kursen ges som fristående kurs.";"2007-10-15";"Denna kursplan är fastställd av naturvetenskapliga fakultetsnämnden vid Stockholms universitet 2007-10-15."
"14217";"0";"401";"Grundnivå";"AS1010";"Astronomiska världsbildens utveckling, orienteringskurs";"Astronomy and Cosmology through the Ages, introductory course";"7,5";"AF";"2015-08-31";"2441";"100";"inget";"Grundläggande behörighet.";"FY1";"Fysik";"G1N";"Saknar huvudområde";"Saknar huvudområde";"Kursen behandlar: Astronomin före grekerna, grekisk astronomi, medeltidens astronomi, astronomins renässans, Kopernikus, Brahe, Kepler, Galilei, Newton m.fl., naturvetenskapen och filosofin, samt människans uppfattning om universum och astronomins inverkan på samhället.";"Efter att ha genomgått kursen skall studenten kunna: •	visa orienterande insikter i astronomins historia •	visa förståelse för utvecklingen av den astronomiska världsbildens utveckling";"Undervisningen består av föreläsningar, demonstrationer och studiebesök. I utbildningen ingår ett självständigt projektarbete i form av en obligatorisk essäuppgift. Om särskilda skäl föreligger kan examinator efter samråd med vederbörande lärare medge den studerande befrielse från skyldigheten att delta i viss obligatorisk undervisning.";"a. Kursen examineras på följande vis: Kunskapskontroll sker genom skriftliga prov.   b. Betygssättning sker enligt sjugradig målrelaterad betygsskala:  A = Utmärkt B = Mycket bra C = Bra  D = Tillfredsställande E  = Tillräckligt Fx = Otillräckligt F  =  Helt Otillräckligt  c. Kursens betygskriterier delas ut vid kursstart.  d. För godkänt krävs lägst betygsgraden E samt godkänd skriftlig redovisning av essäuppgift.  e. Studerande som underkänts i ordinarie prov har rätt att genomgå ytterligare prov så länge kursen ges. Antalet provtillfällen är inte begränsat. Med prov jämställs också andra obligatoriska kursdelar. Studerande som godkänts på prov får inte genomgå förnyat prov för högre betyg. Studerande som underkänts på prov två gånger har rätt att begära att annan examinator utses vid nästkommande prov. Framställan härom ska göras till institutionsstyrelsen.  Kursen har minst två examinationstillfällen per läsår de år då undervisning ges. Mellanliggande år ges minst ett examinationstillfälle  f. Vid betyget Fx ges möjlighet att komplettera upp till betyget E. Examinator beslutar om vilka kompletteringsuppgifter som ska utföras och vilka kriterier som ska gälla för att bli godkänd på kompletteringen. Kompletteringen ska äga rum före nästa examinationstillfälle.";"Kurslitteratur beslutas av institutionsstyrelsen och redovisas därefter i bilaga till kursplanen.";"Studerande kan begära att examination genomförs enligt denna kursplan även efter det att den upphört att gälla, dock högst tre gånger under en tvåårsperiod efter det att undervisning på kursen upphört. Framställan härom ska göras till institutionsstyrelsen. Bestämmelsen gäller även vid revidering av kursplanen. ";"Kursen kan ej tas med i examen tillsammans med Astronomiska världsbildens utveckling 5 p (AI6020).  Kursen kan ej ingå i examen med astronomi eller fysik som huvudområde.  I kandidatexamen vid Naturvetenskapliga fakulteten, Stockholms universitet, kan normalt högst 15 hp utgöras av kurser klassade som orienteringskurser.  Orienteringskurser kan ej ingå i masterexamen vid Naturvetenskapliga fakulteten, Stockholms universitet.";"Kursen ges som fristående kurs.";"2015-05-18";"Denna kursplan är fastställd av Områdesnämnden för naturvetenskap vid Stockholms universitet 2008-04-07 och reviderad 2015-05-18."
"14217";"0";"401";"Grundnivå";"AS1010";"Astronomiska världsbildens utveckling, orienteringskurs";"Astronomy and Cosmology through the Ages, introductory course";"7,5";"AF";"2019-09-02";"2441";"100";"inget";"Grundläggande behörighet.";"FY1";"Fysik";"G1N";"Saknar huvudområde";"Saknar huvudområde";"Kursen behandlar: Astronomin före grekerna, grekisk astronomi, medeltidens astronomi, astronomins renässans, Kopernikus, Brahe, Kepler, Galilei, Newton m.fl., naturvetenskapen och filosofin, samt människans uppfattning om universum och astronomins inverkan på samhället.";"Efter att ha genomgått kursen skall studenten kunna: •	visa orienterande insikter i astronomins historia •	visa förståelse för utvecklingen av den astronomiska världsbildens utveckling";"Undervisningen består av föreläsningar, demonstrationer och studiebesök. I utbildningen ingår ett självständigt projektarbete i form av en obligatorisk essäuppgift. Om särskilda skäl föreligger kan examinator efter samråd med vederbörande lärare medge den studerande befrielse från skyldigheten att delta i viss obligatorisk undervisning.";"a. Kursen examineras på följande vis: Kunskapskontroll sker genom skriftliga prov.   b. Betygssättning sker enligt sjugradig målrelaterad betygsskala:  A = Utmärkt B = Mycket bra C = Bra  D = Tillfredsställande E  = Tillräckligt Fx = Otillräckligt F  =  Helt Otillräckligt  c. Kursens betygskriterier delas ut vid kursstart.  d. För godkänt krävs lägst betygsgraden E samt godkänd skriftlig redovisning av essäuppgift.  e. Studerande som underkänts i ordinarie prov har rätt att genomgå ytterligare prov så länge kursen ges. Antalet provtillfällen är inte begränsat. Med prov jämställs också andra obligatoriska kursdelar. Studerande som godkänts på prov får inte genomgå förnyat prov för högre betyg. Studerande som underkänts på prov två gånger har rätt att begära att annan examinator utses vid nästkommande prov. Framställan härom ska göras till institutionsstyrelsen.  Kursen har minst två examinationstillfällen per läsår de år då undervisning ges. Mellanliggande år ges minst ett examinationstillfälle  f. Vid betyget Fx ges möjlighet att komplettera upp till betyget E. Examinator beslutar om vilka kompletteringsuppgifter som ska utföras och vilka kriterier som ska gälla för att bli godkänd på kompletteringen. Kompletteringen ska äga rum före nästa examinationstillfälle.";"Kurslitteratur beslutas av institutionsstyrelsen och redovisas därefter i bilaga till kursplanen.";"Studerande kan begära att examination genomförs enligt denna kursplan även efter det att den upphört att gälla, dock högst tre gånger under en tvåårsperiod efter det att undervisning på kursen upphört. Framställan härom ska göras till institutionsstyrelsen. Bestämmelsen gäller även vid revidering av kursplanen.";"Kursen kan ej tas med i examen tillsammans med Astronomiska världsbildens utveckling 5 p (AI6020).  Kursen kan ej ingå i examen med astronomi eller fysik som huvudområde.  I kandidatexamen vid Naturvetenskapliga fakulteten, Stockholms universitet, kan normalt högst 15 hp utgöras av kurser klassade som orienteringskurser.  Orienteringskurser kan ej ingå i masterexamen vid Naturvetenskapliga fakulteten, Stockholms universitet.";"Kursen ges som fristående kurs.";"2015-05-18";"Denna kursplan är fastställd av Områdesnämnden för naturvetenskap vid Stockholms universitet 2008-04-07 och reviderad 2015-05-18.  Teknisk revidering av Studentavdelningen 2019-04-26."
"14217";"0";"401";"Grundnivå";"AS1010";"Astronomiska världsbildens utveckling, orienteringskurs";"Astronomy and Cosmology through the Ages, introductory course";"7,5";"AF";"2008-08-18";"2441";"100";"inget";"Grundläggande behörighet.";"FY1";"Fysik";"G1N";"Saknar huvudområde";"Saknar huvudområde";"Kursen behandlar: Astronomin före grekerna, grekisk astronomi, medeltidens astronomi, astronomins renässans, Kopernikus, Brahe, Kepler, Galilei, Newton m.fl., naturvetenskapen och filosofin, samt människans uppfattning om universum och astronomins inverkan på samhället.";"Efter att ha genomgått kursen skall studenten kunna: •	visa orienterande insikter i astronomins historia •	visa förståelse för utvecklingen av den astronomiska världsbildens utveckling";"Undervisningen består av föreläsningar, demonstrationer och studiebesök. I utbildningen ingår ett självständigt projektarbete i form av en obligatorisk essäuppgift. Om särskilda skäl föreligger kan examinator efter samråd med vederbörande lärare medge den studerande befrielse från skyldigheten att delta i viss obligatorisk undervisning.";"a. Kursen examineras på följande vis: Kunskapskontroll sker genom skriftligt och/eller muntligt prov   b. Betygssättning sker enligt sjugradig målrelaterad betygsskala:  A = Utmärkt B = Mycket bra C = Bra  D = Tillfredsställande E  = Tillräckligt Fx = Otillräckligt F  =  Helt Otillräckligt  c. Kursens betygskriterier delas ut vid kursstart.  d. För godkänt krävs lägst betygsgraden E samt godkänd skriftlig redovisning av essäuppgift.  e. Studerande som underkänts i ordinarie prov har rätt att genomgå minst fyra ytterligare prov så länge kursen ges. Med prov jämställs också andra obligatoriska kursdelar. Studerande som godkänts på prov får inte genomgå förnyat prov för högre betyg. Studerande som underkänts på prov två gånger har rätt att begära att annan lärare utses för att bestämma betyg på kursen. Framställan härom ska göras till institutionsstyrelsen.";"Kurslitteratur beslutas av institutionsstyrelsen och redovisas därefter i bilaga till kursplanen.";"Studerande kan begära att examination genomförs enligt denna kursplan även efter det att den upphört att gälla, dock högst tre gånger under en tvåårsperiod efter det att undervisning på kursen upphörandet. Framställan härom ska göras till institutionsstyrelsen.";"Kursen kan ej tas med i examen tillsammans med Astronomiska världsbildens utveckling 5 p (AI6020). Kursen kan ej ingå i examen med astronomi eller fysik som huvudområde. I kandidatexamen vid Naturvetenskapliga fakulteten, Stockholms universitet, kan normalt högst 15 hp utgöras av kurser klassade som orienteringskurser. Orienteringskurser kan ej ingå i masterexamen vid Naturvetenskapliga fakulteten, Stockholms universitet.";"Kursen ges som fristående kurs.";"2008-04-07";"Denna kursplan är fastställd av naturvetenskapliga fakultetsnämnden vid Stockholms universitet 2008-04-07."
"14759";"0";"401";"Grundnivå";"AS1011";"Svarta hål och kosmiska explosioner, orienteringskurs";"Black Holes and Cosmic Explosions, Introductory Course";"7,5";"AF";"2015-08-31";"2441";"100";"inget";"Grundläggande behörighet.";"FY1";"Fysik";"G1N";"Saknar huvudområde";"Saknar huvudområde";"Kursen behandlar observationella och teoretiska aspekter av exotiska kompakta objekt, såsom vita dvärgar, neutronstjärnor och svarta hål.  Speciellt behandlas: upptäcktshistorien av de exotiska objekten, en översikt av slutstadierna av stjärnutveckling, supernovaexplosioner, pulsarer, struktur hos neutronstjärnorna, fysiken hos svarta hål, grundtankarna i allmän relativitetsteori, händelsehorisonter, singulariteter, maskhål, observationella aspekter av kompakta objekt, röntgenkällor, gammastrålningsutbrott, kolliderande neutronstjärnor, supermassiva svarta hål i aktiva galaxkärnor, det svarta hålet i Vintergatans centrum, Hawkingstrålning, gravitationsstrålning, olika typer av teleskop och satelliter för röntgen och gammastrålning. ";"Efter att ha genomgått kursen skall studenten kunna visa orienterande insikter i: • de olika slutstadier som stjärnor av olika massor slutar i, liksom uppkomsten av supermassiva svarta hål i galaxkärnor • de viktigaste egenskaperna hos vita dvärgar, neutronstjärnor och svarta hål • olika observationella egenskaper hos kompakta objekt av olika slag";"Undervisningen består av föreläsningar och demonstrationer.";"a. Kursen examineras på följande vis: Kunskapskontroll sker genom skriftliga prov.   b. Betygssättning sker enligt sjugradig målrelaterad betygsskala:  A = Utmärkt B = Mycket bra C = Bra  D = Tillfredsställande E  = Tillräckligt Fx = Otillräckligt F  =  Helt Otillräckligt  c. Kursens betygskriterier delas ut vid kursstart.  d. För godkänt krävs lägst betygsgraden  E.   e. Studerande som underkänts i ordinarie prov har rätt att genomgå ytterligare prov så länge kursen ges. Antalet provtillfällen är inte begränsat. Med prov jämställs också andra obligatoriska kursdelar. Studerande som godkänts på prov får inte genomgå förnyat prov för högre betyg. Studerande som underkänts på prov två gånger har rätt att begära att annan examinator utses vid nästkommande prov. Framställan härom ska göras till institutionsstyrelsen.  Kursen har minst två examinationstillfällen per läsår de år då undervisning ges. Mellanliggande år ges minst ett examinationstillfälle.  f. Vid betyget Fx ges möjlighet att komplettera upp till betyget E. Examinator beslutar om vilka kompletteringsuppgifter som ska utföras och vilka kriterier som ska gälla för att bli godkänd på kompletteringen. Kompletteringen ska äga rum före nästa examinationstillfälle.";"Kurslitteratur beslutas av institutionsstyrelsen och redovisas därefter i bilaga till kursplanen.";"Studerande kan begära att examination genomförs enligt denna kursplan även efter det att den upphört att gälla, dock högst tre gånger under en tvåårsperiod efter det att undervisning på kursen upphört. Framställan härom ska göras till institutionsstyrelsen. Bestämmelsen gäller även vid revidering av kursplanen. ";"Kursen kan ej ingå i examen med astronomi eller fysik som huvudområde.  I kandidatexamen vid Naturvetenskapliga fakulteten, Stockholms universitet, kan normalt högst15 hp utgöras av kurser klassade som orienteringskurser.  Orienteringskurser kan ej ingå i masterexamen vid Naturvetenskapliga fakulteten, Stockholms universitet. ";"Kursen ges som fristående kurs.";"2015-05-18";"Denna kursplan är fastställd av Områdesnämnden för naturvetenskap vid Stockholm universitet 2008-05-19 och reviderad 2015-05-18."
"14759";"0";"401";"Grundnivå";"AS1011";"Svarta hål och kosmiska explosioner, orienteringskurs";"Black Holes and Cosmic Explosions, Introductory Course";"7,5";"AF";"2019-09-02";"2441";"100";"inget";"Grundläggande behörighet.";"FY1";"Fysik";"G1N";"Saknar huvudområde";"Saknar huvudområde";"Kursen behandlar observationella och teoretiska aspekter av exotiska kompakta objekt, såsom vita dvärgar, neutronstjärnor och svarta hål.  Speciellt behandlas: upptäcktshistorien av de exotiska objekten, en översikt av slutstadierna av stjärnutveckling, supernovaexplosioner, pulsarer, struktur hos neutronstjärnorna, fysiken hos svarta hål, grundtankarna i allmän relativitetsteori, händelsehorisonter, singulariteter, maskhål, observationella aspekter av kompakta objekt, röntgenkällor, gammastrålningsutbrott, kolliderande neutronstjärnor, supermassiva svarta hål i aktiva galaxkärnor, det svarta hålet i Vintergatans centrum, Hawkingstrålning, gravitationsstrålning, olika typer av teleskop och satelliter för röntgen och gammastrålning.";"Efter att ha genomgått kursen skall studenten kunna visa orienterande insikter i: • de olika slutstadier som stjärnor av olika massor slutar i, liksom uppkomsten av supermassiva svarta hål i galaxkärnor • de viktigaste egenskaperna hos vita dvärgar, neutronstjärnor och svarta hål • olika observationella egenskaper hos kompakta objekt av olika slag";"Undervisningen består av föreläsningar och demonstrationer.";"a. Kursen examineras på följande vis: Kunskapskontroll sker genom skriftliga prov.   b. Betygssättning sker enligt sjugradig målrelaterad betygsskala:  A = Utmärkt B = Mycket bra C = Bra  D = Tillfredsställande E  = Tillräckligt Fx = Otillräckligt F  =  Helt Otillräckligt  c. Kursens betygskriterier delas ut vid kursstart.  d. För godkänt krävs lägst betygsgraden  E.   e. Studerande som underkänts i ordinarie prov har rätt att genomgå ytterligare prov så länge kursen ges. Antalet provtillfällen är inte begränsat. Med prov jämställs också andra obligatoriska kursdelar. Studerande som godkänts på prov får inte genomgå förnyat prov för högre betyg. Studerande som underkänts på prov två gånger har rätt att begära att annan examinator utses vid nästkommande prov. Framställan härom ska göras till institutionsstyrelsen.  Kursen har minst två examinationstillfällen per läsår de år då undervisning ges. Mellanliggande år ges minst ett examinationstillfälle.  f. Vid betyget Fx ges möjlighet att komplettera upp till betyget E. Examinator beslutar om vilka kompletteringsuppgifter som ska utföras och vilka kriterier som ska gälla för att bli godkänd på kompletteringen. Kompletteringen ska äga rum före nästa examinationstillfälle.";"Kurslitteratur beslutas av institutionsstyrelsen och redovisas därefter i bilaga till kursplanen.";"Studerande kan begära att examination genomförs enligt denna kursplan även efter det att den upphört att gälla, dock högst tre gånger under en tvåårsperiod efter det att undervisning på kursen upphört. Framställan härom ska göras till institutionsstyrelsen. Bestämmelsen gäller även vid revidering av kursplanen.";"Kursen kan ej ingå i examen med astronomi eller fysik som huvudområde.  I kandidatexamen vid Naturvetenskapliga fakulteten, Stockholms universitet, kan normalt högst15 hp utgöras av kurser klassade som orienteringskurser.  Orienteringskurser kan ej ingå i masterexamen vid Naturvetenskapliga fakulteten, Stockholms universitet.";"Kursen ges som fristående kurs.";"2015-05-18";"Denna kursplan är fastställd av Områdesnämnden för naturvetenskap vid Stockholm universitet 2008-05-19 och reviderad 2015-05-18.  Teknisk revidering av Studentavdelningen 2019-04-26."
"14759";"0";"401";"Grundnivå";"AS1011";"Svarta hål och kosmiska explosioner, orienteringskurs";"Black Holes and Cosmic Explosions, Introductory Course";"7,5";"AF";"2008-08-18";"2441";"100";"inget";"Grundläggande behörighet.";"FY1";"Fysik";"G1N";"Saknar huvudområde";"Saknar huvudområde";"Kursen behandlar observationella och teoretiska aspekter av exotiska kompakta objekt, såsom vita dvärgar, neutronstjärnor och svarta hål.  Speciellt behandlas: upptäcktshistorien av de exotiska objekten, en översikt av slutstadierna av stjärnutveckling, supernovaexplosioner, pulsarer, struktur hos neutronstjärnorna, fysiken hos svarta hål, grundtankarna i allmän relativitetsteori, händelsehorisonter, singulariteter, maskhål, observationalla aspekter av kompakta objekt, röntgenkällor, gammastrålningsutbrott, kolliderande neutronstjärnor, supermassiva svarta hål i aktiva galaxkärnor, det svarta hålet i Vintergatans centrum, Hawkingstrålning, gravitationsstrålning, olika typer av teleskop och satelliter för röntgen och gammastrålning. ";"Efter att ha genomgått kursen skall studenten kunna visa orienterande insikter i: • de olika slutstadier som stjärnor av olika massor slutar i, liksom uppkomsten av supermassiva svarta hål i galaxkärnor • de viktigaste egenskaperna hos vita dvärgar, neutronstjärnor och svarta hål • olika observationella egenskaper hos kompakta objekt av olika slag";"Undervisningen består av föreläsningar och demonstrationer.";"a. Kursen examineras på följande vis: Kunskapskontroll sker genom skriftligt och/eller muntligt prov.   b. Betygssättning sker enligt sjugradig målrelaterad betygsskala:  A = Utmärkt B = Mycket bra C = Bra  D = Tillfredsställande E  = Tillräckligt Fx = Otillräckligt F  =  Helt Otillräckligt  c. Kursens betygskriterier delas ut vid kursstart.  d. För godkänt krävs lägst betygsgraden  E.   e. Studerande som underkänts i ordinarie prov har rätt att genomgå minst fyra ytterligare prov så länge kursen ges. Med prov jämställs också andra obligatoriska kursdelar. Studerande som godkänts på prov får inte genomgå förnyat prov för högre betyg. Studerande som underkänts på prov två gånger har rätt att begära att annan lärare utses för att bestämma betyg på kursen. Framställan härom ska göras till institutionsstyrelsen.";"Kurslitteratur beslutas av institutionsstyrelsen och redovisas därefter i bilaga till kursplanen.";"Studerande kan begära att examination genomförs enligt denna kursplan även efter det att den upphört att gälla, dock högst tre gånger under en tvåårsperiod efter det att undervisning på kursen upphörandet. Framställan härom ska göras till institutionsstyrelsen.";"Kursen kan ej ingå i examen med astronomi eller fysik som huvudområde. I kandidatexamen vid Naturvetenskapliga fakulteten, Stockholms universitet, kan normalt högst15 hp utgöras av kurser klassade som orienteringskurser. Orienteringskurser kan ej ingå i masterexamen vid Naturvetenskapliga fakulteten, Stockholms universitet. ";"Kursen ges som fristående kurs.";"2008-05-19";"Denna kursplan är fastställd av Naturvetenskapliga fakultetsnämnden vid Stockholm universitet 2008-05-19. "
"14964";"0";"106";"Grundnivå";"LV1011";"Från Tomtebo till Rinkeby - natur och samhälle i den svenska barnboken";"From Tomtebo to Rinkeby - Nature and Society in Swedish Children's Literature";"7,5";"AF";"2008-08-18";"2434";"100";"HA";"Historia A/Historia 1b alt 1a1+1a2.";"LIA";"Litteraturvetenskap";\N;"Saknar huvudområde";"Saknar huvudområde";"Kursens syfte är att undersöka hur och vad den svenska barnboken berättar om naturen.  Genom att belysa traditionen från folkdiktningens rim och ramsor, via Beskow, Bauer och Lagerlöf och framåt, till våra dagars urbana skildringar och medvetande om klimatförändringar, studeras hur den romantiska och specifikt nordiska relationen till naturen uttrycks i barnlitterära texter där naturen antingen är ett tema i sig eller utgör inramning, fond eller spelrum för handlingen. Kursen vänder sig till bibliotekarier, lärare och alla som intresserar sig för sambandet mellan barn, natur och samhälle och dess uttryck i litteraturen.";"Den studerande skall efter genomgången kurs kunna identifiera samt, såväl muntligt som skriftligt, redogöra för hur förhållandet mellan människa och natur avspeglas och gestaltas i de senaste hundra årens svenska barnlitteratur.  Detta inbegriper förtrogenhet med den barnlitterära konventionen och en förmåga att relatera iakttagelserna till en vidare samhällelig och kulturell kontext.";"Undervisningens form och omfattning kan anpassas till såväl antalet studenter på kursen som institutionens ekonomiska situation.";"a. Kursen examineras genom en skriftlig slutuppgift.  b. Betygssättning sker enligt en sjugradig målrelaterad betygsskala: A = Utmärkt B = Mycket bra C = Bra D = Tillfredsställande E = Tillräckligt Fx = Otillräckligt F = Helt Otillräckligt.  c. Kursens betygskriterier delas ut vid kursstart.   d. Vid underkännande gäller att studerande som fått betyget Fx eller F på ett prov har rätt att genomgå fyra ytterligare prov så länge kursen ges för att uppnå lägst betyget E.   Studerande som fått lägst betyget E på prov får inte genomgå förnyat prov för högre betyg. Studerande som fått betyget Fx eller F på prov två gånger av en och samma examinator har rätt att få en annan examinator utsedd för att bestämma betyg på provet, om inte särskilda skäl talar emot det. Framställan härom ska göras till institutionsstyrelsen.";"Litteraturlista för Från Tomtebo till Rinkeby  natur och samhälle i den svenska barnboken, litteraturvetenskap, GN, 7,5 hp  Skönlitteratur  Anderberg, Bengt		Niklas och Figuren (1950)  Andersen, Hans Christian		Snödrottningen    Anderson, Lena		Maja tittar på naturen (1983)   Beskow, Elsa		Blomsterfesten i täppan (1914) Puttes äventyr i blåbärsskogen (1901) Solägget (1932) Tomtebobarnen (1910)  Bengtsson, Anna		Bollongexpeditionen (1994) Det kittlar när löven kommer (2006)  Borg, Inga			Plupp kommer till stan (1977) Plupp och lämlarna (1960)  Carpelan, Bo			Anders på ön (1959)  Casta, Stefan			Det ensamma trädet (1992) Humlans blomsterbok (2002)  Digman, Kristina		Floras kulle (2008)  Elmqvist, Annika		Sprätten på toaletten (1970)  Fitinghoff, Laura		En liten värld bland fjällen (1885)  Foley, Douglas		Habib och meningen med livet (2005)  Gripe, Maria	Josefin 		Hugo (1966) Hugo och Josefin (1962)  Hallqvist, Britt G		Gräset skrattar (1991), urval  Hammarström, Nanny		Två myrors äventyr (1906), alt. Kråkliv (1935)  Hellsing, Lennar t& Hald, Fibben	Vitt (1984)  Jansson, Tove		Kometen kommer (1968) Trollvinter (1957) Knutsson, Rolf & Reuterswärd, Maud	Dahlbergs demonstrerar (1969)  Lagerlöf, Selma	Nils Holgerssons underbara resa genom Sverige (1906-1907), valda delar  Lindgren, Astrid		Rasmus på luffen (1956) Ronja Rövardotter (1981) Vi på Saltkråkan (1964)  Lindgren, Barbro		Vi leker att du är en humla (2000), urval  Lindström, Eva		Fågeldag (2000) I skogen (2008) Min vän Lage (2001)  Nilsson, Per			Korpens sång (1994)  Nordlander, Johan 		Svenska barnvisor och barnrim (1886), urval  Nordqvist, Sven		Var är min syster? (2008)  Palm, Anna-Karin & Bengtsson, Anna	Vildvinter (1999)  Stark, Ulf & Höglund, Anna	Jaguaren (1987)  Stark, Ul f& Ramel, Charlotte	Kanel och Kanin letar efter sommaren (2008)  Tidholm, Anna-Clara		Sagor från skogen (2001)  Topelius, Zacharias		Björkens stora planer under mössörontiden Vintersaga om Skyhög och Molnskägg, Läsning för barn III-IV  Wahldén, Christina		Cell grön (2001)     Facklitteratur  Bachelard, Gaston	2. House and Universe, The Poetics of Space (1964), Maria Jolas (övers.), (Boston 1994), 38-73  Bachtin, Michail	 Kronotopen. Tiden och rummet i romanen, Johan Öberg (övers.), Det dialogiska ordet, (Gråbo 1988) 1991, 14-165 	 Boethius, Ulf		Barnlitteratur och vuxenlitteratur, Konsten att berätta för barn. &#61531;barnboken&#61533; , Centrum för barnkulturforskning 26, red. Banér, Anne (Stockholm 1996), 7-22  Gifford,, Terry	The Social Construction of Nature, The Green Studies Reader. From Romanticism to Ecocriticism, red. Laurence Coupe (New York, NY 2000) 173-176  Heywood, Colin	Barndomshistoria, med tillägg av Susanna Hedborg, Sven-Erik Thorell (övers.), (Lund 2005), del I, 23-67, del IV, 255-286  Jacobsson, Benny	Skolans konstruktion av landskap, Bebyggelsehistorisk Tidskrift 38 (Uppsala 1994), 107-124, kursivt  Morris, William	Art, Socialism and Environment, The Green Studies Reader. From Romanticism to Ecocriticism, red. Laurence Coupe (New York, NY 2000) 32-36  Sigler, Carol		Wonderland to Wasteland: toward historicizing environmental activism in ch lit, Childrens Literature Association Quarterly, vol. 19, no. 4, (Winnipeg, Man. Canada 1994-5)  Soper, Kate		The Idea of Nature, The Green Studies Reader. From Romanticism to Eco-criticism, red. Laurence Coupe (New York, NY 2000) 123-126  Westin, Boel		Familjen i dalen. Tove Janssons muminvärld, (diss. Stockholm 1988) 249-274  Vinge, Louise	Nils Holgersson  100 år efteråt, Nordisk Tidskrift (Stockholm 2006), häfte 2, 109  Wood, Naomi	(Em)bracing Icy Mothers. Ideology, Identity, and Environment in Childrens Fantasy, Wild Things. Childrens Culture and Ecocriticism, red. S.I. Dobrin & K.B. Kidd (Detroit 2004) , 198-214";"När kursen inte längre ges eller kursinnehållet väsentligen ändrats har studenten rätt att en gång per termin under en treterminsperiod examineras enligt denna kursplan. Dock gäller fortfarande begränsningarna enligt 21 d, ovan.  För överensstämmelser med det tidigare kurssystemet hänvisas till institutionens studievägledare.";"Kursen får ej tillgodoräknas samtidigt med motsvarande kurser lästa vid andra lärosäten";\N;"2008-09-03";"Denna kursplan är fastställd av Institutionsstyrelsen vid Institutionen för litteraturvetenskap och idéhistoria, Stockholms universitet, 2008-09-03"
"15317";"0";"106";"Grundnivå";"TVBTGN";"Barnteater: pedagogik, förströelse, konst";"Children's Theatre: Education, Amusement, Art";"7,5";"AF";"2009-08-17";"2434";"100";"inget";"Grundläggande behörighet.";"DT2";"Dans- och teatervetenskap";\N;"Saknar huvudområde";"Saknar huvudområde";"Kursen syftar till att ge en översikt över svensk barnteater i ett historiskt perspektiv samt att analysera relevanta delar av den samtida repertoaren. Barnteatern kommer vidare att sättas i relation till barnkulturella uttryck i bred bemärkelse.";"Efter genomgången kurs förväntas studenten visa sin förmåga att - kritiskt belysa och tolka olika aspekter på och nedslag i svensk barnteaterhistoria  - analysera och tolka samtida barnteater   - relatera barnteater till aktuella barnkulturella sammanhang  - diskutera frågeställningar som rör barnpublikens uppfattningar om scenkonst - problematisera och muntligt samt skriftligt diskutera ett väl avgränsat område inom fältet barnteater";"Undervisningen sker i form av föreläsningar och seminarier.";"Examinationen består av skiftlig hemtentamen, skriftliga analysuppgifter av dramer, källtexter och föreställningar         a)	Betygssättnings sker enligt en sjugradig betygsskala:  	A=Utmärkt 	B=Mycket bra 	C=Bra 	D=Tillfredställande 	E=Tillräckligt 	Fx=Otillräckligt 	F=Helt Otillräckligt  b)	Kursens betygskriterier delas ut vid kursstart c)	För att få slutbetyg på hela kursen krävs betyget E på samtliga moment/delkurser, samt inlämning av de skriftliga övningsuppgifter . d)	Vid underkännande gäller att studerande som fått betyget Fx eller F på ett prov har rätt att genomgå fyra ytterligare prov så länge kursen ges för att uppnå betyget E  Studerande som fått lägst betyget E får inte genomgå förnyat prov för högre betyg.   Studerande som fått betyget Fx eller F på prov två gånger av en och samma examinator har rätt att få en annan examinator utsedd för att bestämma betyg på uppgiften, om inte särskilda skäl talar emot det. Framställan härom ska göras till institutionsstyrelsen.";"Barns smak. Om barn och estetik (red. Anne Banér), Centrum för  barnkulturforskning nr 38, Stockholms universitet 2004 Helander, Karin, Från sagospel till barntragedi. Pedagogik, förströelse och  konst i 1900-talets svenska barnteater, Stockholm 1998  Osten, Suzanne,  Mina meningar. Essäer, artiklar, analyser 1969-2002,  Hedemora 2002 Referenslitteratur (ca 500 sidor) tillkommer i samråd med kursansvarig.  Föreställningsbesök ingår i kursen.";"När kursen inte längre ges eller kursinnehållet väsentligen har ändrats har studenten rätt att en gång per termin under en treterminsperiod examineras enligt denna kursplan. Dock gäller fortfarande begränsningarna enligt ”Kunskapskontroll och examination” ovan.";"Kursen får inte tillgodoräknas i examen samtidigt med sådan inom eller utom landet genomgången och godkänd kurs, vars innehåll helt eller delvis överensstämmer med innehållet i kursen.";"Kursen ingår höstterminen 2009 som del av profilkurs, 15 hp, Teatervetenskap - historia";"2007-06-01";"Denna kursplan är fastställd av Teater- och dansvetenskapliga ämnesnämnden på delegation från styrelsen för Institutionen för musik- och teatervetenskap 1/6 2007. Reviderad betygsskala 2008-10-15, reviderad 2009-08-18."
"15317";"0";"106";"Grundnivå";"TVBTGN";"Barnteater: pedagogik, förströelse, konst";"Children's Theatre: Education, Amusement, Art";"7,5";"AF";"2020-08-31";"2434";"100";"inget";"Grundläggande behörighet.";"DT2";"Dans- och teatervetenskap";\N;"Saknar huvudområde";"Saknar huvudområde";"Kursen syftar till att ge en översikt över svensk barnteater i ett historiskt perspektiv samt att analysera relevanta delar av den samtida repertoaren. Barnteatern kommer vidare att sättas i relation till barnkulturella uttryck i bred bemärkelse.";"För godkänt resultat på kursen ska studenten kunna:  - kritiskt belysa och tolka olika aspekter på och nedslag i svensk barnteaterhistoria  - analysera och tolka samtida barnteater   - relatera barnteater till aktuella barnkulturella sammanhang  - diskutera frågeställningar som rör barnpublikens uppfattningar om scenkonst - problematisera och muntligt samt skriftligt diskutera ett väl avgränsat område inom fältet barnteater";"Undervisningen sker i form av föreläsningar och seminarier.";"Examinationen består av skiftlig hemtentamen, skriftliga analysuppgifter av dramer, källtexter och föreställningar.          a)	Betygssättnings sker enligt en sjugradig betygsskala:  	A=Utmärkt 	B=Mycket bra 	C=Bra 	D=Tillfredställande 	E=Tillräckligt 	Fx=Otillräckligt 	F=Helt Otillräckligt  b)	Kursens betygskriterier delas ut vid kursstart c)	För att få slutbetyg på hela kursen krävs betyget E på samtliga moment/delkurser, samt inlämning av de skriftliga övningsuppgifter . d)	Vid underkännande gäller att studerande som fått betyget Fx eller F på ett prov har rätt att genomgå fyra ytterligare prov så länge kursen ges för att uppnå betyget E  Studerande som fått lägst betyget E får inte genomgå förnyat prov för högre betyg.   Studerande som fått betyget Fx eller F på prov två gånger av en och samma examinator har rätt att få en annan examinator utsedd för att bestämma betyg på uppgiften, om inte särskilda skäl talar emot det. Framställan härom ska göras till institutionsstyrelsen.";"Aktuell litteraturlista finns tillgänglig senast två månader före kursstart.  För aktuell kurslitteratur hänvisas till institutionens webbplats på https://www.su.se/ike";"När kursen inte längre ges eller kursinnehållet väsentligen har ändrats har studenten rätt att en gång per termin under en treterminsperiod examineras enligt denna kursplan. Dock gäller fortfarande begränsningarna enligt ”Kunskapskontroll och examination” ovan.";"Kursen får inte tillgodoräknas i examen samtidigt med sådan inom eller utom landet genomgången och godkänd kurs, vars innehåll helt eller delvis överensstämmer med innehållet i kursen.";\N;"2020-02-19";"Denna kursplan är fastställd av Teater- och dansvetenskapliga ämnesnämnden på delegation från styrelsen för Institutionen för musik- och teatervetenskap 1/6 2007. Reviderad betygsskala 2008-10-15, reviderad 2009-08-18, reviderad 2020-02-19."
"15317";"0";"106";"Grundnivå";"TVBTGN";"Barnteater: pedagogik, förströelse, konst";"Children's Theatre: Education, Amusement, Art";"7,5";"AF";"2023-01-16";"2434";"100";"inget";"Grundläggande behörighet.";"DT2";"Dans- och teatervetenskap";\N;"Saknar huvudområde";"Saknar huvudområde";"Kursen behandlar svensk barnteater i ett historiskt perspektiv samt ger kunskaper om relevanta delar av den samtida repertoaren. Barnteatern kommer vidare att sättas i relation till barnkulturella uttryck i bred bemärkelse.";"För godkänt resultat på kursen ska studenten kunna:  - redogöra för olika aspekter på och nedslag i svensk barnteaterhistoria  - analysera och tolka samtida barnteater   - reflektera över barnteater i relation till aktuella barnkulturella sammanhang";"Undervisningen sker på distans eller på campus enligt angivelse för respektive tillfälle för kursen. När kursen ges på campus består undervisningen av föreläsningar, seminarier och gruppövningar. När kursen ges på distans är kursens arbetsformer nätbaserade föreläsningar, seminarier och gruppövningar, inga fysiska träffar. För att delta i kursen när den ges på distans krävs att den studerande har tillgång till dator och internetuppkoppling. Deltagande som inte kan fullföljas på grund av brister i nätuppkoppling eller nödvändig teknisk utrustning räknas som frånvaro.   I kursbeskrivningen framgår närmare vilka specifika undervisningstillfällen och/eller uppgifter som är obligatoriska. Ej genomförda obligatoriska moment kan kompletteras enligt instruktioner i kursbeskrivningen. För mer detaljerad information hänvisas till kursbeskrivningen. Kursbeskrivningen finns tillgänglig minst en månad före kursstart.";"a) Kursen examineras genom skriftlig inlämningsuppgift i form av hemtentamen. För mer detaljerad information hänvisas till kursbeskrivningen. Kursbeskrivningen finns tillgänglig senast en månad före kursstart. Om studenten har ett intyg med rekommendation om särskilt pedagogiskt stöd på grund av funktionsnedsättning, har examinatorn rätt att ge ett anpassat prov eller låta studenten genomföra provet på ett alternativt sätt.        b) Betygssättnings sker enligt en sjugradig betygsskala:  A=Utmärkt B=Mycket bra C=Bra D=Tillfredställande E=Tillräckligt Fx=Underkänd, något mer arbete krävs  F=Underkänd, mycket mer arbete krävs   c) De skriftliga målrelaterade betygskriterierna meddelas studenterna vid kursstart. Meddelade målrelaterade betygskriterier är bindande.   d)För att få godkänt slutbetyg på kursen krävs lägst betyget E på samtliga examinationsuppgifter, fullgjorda obligatoriska uppgifter samt fullgjord närvaro enligt kursbeskrivningen.   e)För varje kurstillfälle ska i normalfallet minst tre examinationstillfällen erbjudas inom ett år. Det läsår som kurstillfälle saknas erbjuds minst ett examinationstillfälle. Studerande som fått betyget Fx eller F på prov två gånger i rad av en och samma examinator har rätt att få annan examinator utsedd vid nästkommande prov, om inte särskilda skäl talar emot det. Framställan om detta ska göras till institutionsstyrelsen. Studerande som fått lägst betyget E får inte genomgå förnyad examination för högre betyg.   f) Komplettering av betyget Fx upp till godkänt betyg på kursen kan medges om studenten ligger nära gränsen för godkänt. Uppgiften ska lämnas inom en vecka efter att kompletteringsbehov har lämnats av examinator. Vid godkänt komplettering av enklare formaliafel används betygen A-E. Vid godkänt komplettering av brister av förståelsekaraktär - mindre missförstånd, smärre felaktigheter eller i någon del alltför begränsade resonemang - används betyget E.";"För aktuell kurslista hänvisas till institutionens webbplats på www.su.se/ike. Aktuell kurslitteratur finns tillgänglig senast två månader före kursstart.";"När kursplanen är upphävds har studenten rätt att examineras en gång per termin enligt föreliggande kursplan under en avvecklingsperiod på tre terminer.";"Kursen får inte ingå i examen samtidigt med sådan inom eller utom landet genomgången och godkänd kurs, vars innehåll helt eller delvis överensstämmer med innehållet i kursen.";\N;"2022-06-08";"Denna kursplan är fastställd av Teater- och dansvetenskapliga ämnesnämnden på delegation från styrelsen för Institutionen för musik- och teatervetenskap 1/6 2007. Reviderad betygsskala 2008-10-15, reviderad 2009-08-18, reviderad 2020-02-19, reviderad 2022-06-08."
"17377";"0";"305";"Grundnivå";"EC1212";"Makroteori med tillämpningar (långsam studietakt)";"Macroeconomic Theory and Applications (part time study plan)";"15";"AF";"2010-08-30";"2442";"100";"EBMCSA";"Engelska B/Engelska 6, Matematik C/Matematik 3b alt 3c och Samhällskunskap A/Samhällskunskap 1b alt 1a1 +1a2.";"NA1";"Nationalekonomi";\N;"Saknar huvudområde";"Saknar huvudområde";"Kursen introducerar makroekonomiska problem och metoder. Den består av en teoridel och en tillämpningsdel. Teoridelen lär ut beräkningsgrunder för bruttonationalprodukten (BNP) och teorier för hur produktion, arbetslöshet och inflation bestäms. Den lär också ut teorier för hur finans- och penningpolitik påverkar ekonomin på kort och medellång sikt. Vidare lär den ut teorier för tillväxt, konjunkturcykler och för hur olika valutasystem påverkar BNP, sysselsättning och förutsättningarna för den ekonomiska politiken. I tillämpningsdelen studeras stabiliseringspolitiska problem i en öppen ekonomi, konjunkturell och långsiktig ekonomisk utveckling samt olika synsätt på stabiliseringspolitikens roll och möjligheter. Kursen ger även en viss orientering om nationalekonomins utveckling.  Kursen vänder sig till alla som vill lära sig grunderna i makroekonomisk analys. Makroekonomisk analys används i stor utsträckning inom banker, vissa delar av statsförvaltningen och internationella organisationer med ekonomisk inriktning. Den utgör grunden för all slags omvärldsanalys med ekonomiska förtecken.";"Efter att ha genomgått kursen förväntas studenten: • Förstå principerna för nationalräkenskapernas uppläggning och för beräkningar av BNP • Kunna tolka innebörden av makroekonomisk statistik • Förstå samband mellan makroekonomiska variabler som BNP, arbetslöshet, ränta, prisnivå och växelkurs • Veta hur penning- och finanspolitik bedrivs • Förstå hur lönebildningen sker och hur den påverkas av institutionella faktorer • Veta hur svensk ekonomisk politik har bedrivits i ett historiskt perspektiv • Förstå skillnaden mellan positiva och normativa analyser • Kunna utföra analyser av effekten av finans- och penningpolitik på kort och medellång sikt • Kunna utföra analyser av hur strukturella förändringar påverkar produktion och arbetslöshet";"Undervisningen sker i långsam studietakt (halvfart) i form av föreläsningar och gruppövningar samt seminarier. Undervisningsspråk är svenska.";"Kursen examineras på följande vis: en skriftlig tentamen samt obligatoriska seminarieuppgifter. En del av poängen på tentamen kan tillgodoräknas genom deltagande i duggor samt löpande examination under kursens gång. Betygssättning sker enligt en sjugradig målrelaterad betygsskala: För godkänt resultat finns betygen A, B, C, D och E där A är högst och E är lägst. För underkänt resultat finns F och FX är F är högre FX.  Betygskriterier:  • A (Utmärkt): Studenten kan redogöra för grundläggande begrepp och teorier inom makroekonomi. Studenten skall också kunna redogöra för hur centrala makroekonomiska variabler utvecklats över tiden, för hur penning- och finanspolitik bedrivs, för hur arbetsmarknaden påverkas av olika institutioner och för hur dessa institutioner ser ut på svensk arbetsmarknad. Han/hon skall på ett korrekt och välstrukturerat sätt kunna utföra en självständig analys av en makroekonomisk frågeställning på grundval av kursens teori- och tillämpningsdel. Vidare krävs att studenten förmår skilja mellan positiv och normativ analys.  • B (Mycket bra): Studenten kan redogöra för grundläggande begrepp och teorier inom makroekonomi. Studenten skall också kunna redogöra för hur centrala makroekonomiska variabler utvecklats över tiden, för hur penning- och finanspolitik bedrivs, för hur arbetsmarknaden påverkas av olika institutioner och för hur dessa institutioner ser ut på svensk arbetsmarknad. Han/hon skall på ett korrekt och välstrukturerat sätt kunna utföra en analys av en frågeställning som direkt behandlas i kursmaterialet baserat på en given modell.  • C (Bra) krävs att studenten kan redogöra för grundläggande begrepp och teorier inom makroekonomi. Studenten skall också kunna redogöra för hur centrala makroekonomiska variabler utvecklats över tiden, för hur penning- och finanspolitik bedrivs, för hur arbetsmarknaden påverkas av olika institutioner och för hur dessa institutioner ser ut på svensk arbetsmarknad. Studenten skall på ett korrekt sätt kunna utföra en analys av en frågeställning som direkt behandlas i kursmaterialet baserat på en given modell.  • D (Tillfredsställande): Studenten kan redogöra för grundläggande begrepp och teorier inom makroekonomi. Studenten skall också kunna redogöra för hur centrala makroekonomiska variabler utvecklats över tiden, för hur penning- och finanspolitik bedrivs och för de mest centrala institutionerna på svensk arbetsmarknad. Studenten skall på ett huvudsakligen korrekt sätt kunna utföra en analys av en frågeställning som direkt behandlas i kursmaterialet baserat på en given modell.  • E (Tillräckligt): Studenten kan redogöra för grundläggande begrepp och väsentliga komponenter i teorier inom makroekonomi. Studenten skall också kunna redogöra för i stora drag hur centrala makroekonomiska variabler utvecklats över tiden, hur penning- och finanspolitik bedrivs och de mest centrala institutionerna på svensk arbetsmarknad.  • FX (Otillräckligt): Studenten uppfyller i princip kraven för E ovan, men har inte beaktat önskemål om ett förtydligande av tentamensvar.  • F (Helt otillräckligt): Studenten kan inte utföra en analys av en frågeställning som direkt behandlas i kursmaterialet utan att göra stora misstag. För student som fått betyget FX eller F finns inga restriktioner på hur många gånger studenten får genomföra skrivning, dugga och seminarieuppgift för att uppnå lägst betyget E.";" Blanchard, Macroeconomics, Prentice-Hall, senaste upplagan.   M. Persson och E. Skult, Tillämpad makroekonomi, SNS förlag, senaste upplagan  Artiklar. Förteckning på kurshemsidan.  C.-H. Siven, Kompendium i doktrinhistoria - en översikt av nationalekonomins utveckling. Nationalekonomiska institutionen. Finns på kurshemsidan.";"Om kursen upphör ges möjlighet att examineras på kursen vid tre tillfällen under tre terminer efter det att kursen upphör.";"Kursen kan inte tas med i examen med någon av kurserna NE1060 grundkurs i nationalekonomi 20 poäng, NE1200 Grundkurs mikroteori med tillämpningar 10 poäng, NE1300 Grundkurs i nationalekonomi, 20 poäng, långsam studietakt, NE1400 Grundkurs i nationalekonomi för matematik-ekonomilinjen, 20 poäng, NE8400 Grundkurs i nationalekonomi på ekonomlinjen, 20 poäng, KG8110 Grundkurs i samhällsplanering, 60 poäng, KG8120 Fysisk och ekonomisk planering med statistik 20 poäng, EC1203 Makroteori 7,5 högskolepoäng, EC1201, 7,5 hp, EC1202, 7,5 hp, EC1020, 30 hp eller EC1010, 30 hp.";\N;"2010-05-27";"Denna kursplan är fastställd av Nationalekonomiska institutionens styrelse 27 maj 2010."
"17377";"0";"305";"Grundnivå";"EC1212";"Makroteori med tillämpningar (långsam studietakt)";"Macroeconomic Theory and Applications (part time study plan)";"15";"AF";"2011-08-29";"2442";"100";"EBMCSA";"Engelska B/Engelska 6, Matematik C/Matematik 3b alt 3c och Samhällskunskap A/Samhällskunskap 1b alt 1a1 +1a2.";"NA1";"Nationalekonomi";\N;"Saknar huvudområde";"Saknar huvudområde";"Kursen introducerar makroekonomiska problem och metoder. Den består av en teoridel och en tillämpningsdel. Teoridelen lär ut beräkningsgrunder för bruttonationalprodukten (BNP) och teorier för hur produktion, arbetslöshet och inflation bestäms. Den lär också ut teorier för hur finans- och penningpolitik påverkar ekonomin på kort och medellång sikt. Vidare lär den ut teorier för tillväxt, konjunkturcykler och för hur olika valutasystem påverkar BNP, sysselsättning och förutsättningarna för den ekonomiska politiken. I tillämpningsdelen studeras stabiliseringspolitiska problem i en öppen ekonomi, konjunkturell och långsiktig ekonomisk utveckling samt olika synsätt på stabiliseringspolitikens roll och möjligheter. Kursen ger även en viss orientering om nationalekonomins utveckling.  Kursen vänder sig till alla som vill lära sig grunderna i makroekonomisk analys. Makroekonomisk analys används i stor utsträckning inom banker, vissa delar av statsförvaltningen och internationella organisationer med ekonomisk inriktning. Den utgör grunden för all slags omvärldsanalys med ekonomiska förtecken.";"Efter att ha genomgått kursen förväntas studenten: • Förstå principerna för nationalräkenskapernas uppläggning och för beräkningar av BNP • Kunna tolka innebörden av makroekonomisk statistik • Förstå samband mellan makroekonomiska variabler som BNP, arbetslöshet, ränta, prisnivå och växelkurs • Veta hur penning- och finanspolitik bedrivs • Förstå hur lönebildningen sker och hur den påverkas av institutionella faktorer • Veta hur svensk ekonomisk politik har bedrivits i ett historiskt perspektiv • Förstå skillnaden mellan positiva och normativa analyser • Kunna utföra analyser av effekten av finans- och penningpolitik på kort och medellång sikt • Kunna utföra analyser av hur strukturella förändringar påverkar produktion och arbetslöshet";"Undervisningen sker i långsam studietakt (halvfart) i form av föreläsningar och gruppövningar samt seminarier. Undervisningsspråk är svenska.";"Kursen examineras på följande vis: en skriftlig tentamen samt obligatoriska seminarieuppgifter. En del av poängen på tentamen kan tillgodoräknas genom deltagande i duggor samt löpande examination under kursens gång. Betygssättning sker enligt en sjugradig målrelaterad betygsskala: För godkänt resultat finns betygen A, B, C, D och E där A är högst och E är lägst. För underkänt resultat finns F och FX är F är högre FX.  Betygskriterier:  • A (Utmärkt): Studenten kan redogöra för grundläggande begrepp och teorier inom makroekonomi. Studenten skall också kunna redogöra för hur centrala makroekonomiska variabler utvecklats över tiden, för hur penning- och finanspolitik bedrivs, för hur arbetsmarknaden påverkas av olika institutioner och för hur dessa institutioner ser ut på svensk arbetsmarknad. Han/hon skall på ett korrekt och välstrukturerat sätt kunna utföra en självständig analys av en makroekonomisk frågeställning på grundval av kursens teori- och tillämpningsdel. Vidare krävs att studenten förmår skilja mellan positiv och normativ analys.  • B (Mycket bra): Studenten kan redogöra för grundläggande begrepp och teorier inom makroekonomi. Studenten skall också kunna redogöra för hur centrala makroekonomiska variabler utvecklats över tiden, för hur penning- och finanspolitik bedrivs, för hur arbetsmarknaden påverkas av olika institutioner och för hur dessa institutioner ser ut på svensk arbetsmarknad. Han/hon skall på ett korrekt och välstrukturerat sätt kunna utföra en analys av en frågeställning som direkt behandlas i kursmaterialet baserat på en given modell.  • C (Bra) krävs att studenten kan redogöra för grundläggande begrepp och teorier inom makroekonomi. Studenten skall också kunna redogöra för hur centrala makroekonomiska variabler utvecklats över tiden, för hur penning- och finanspolitik bedrivs, för hur arbetsmarknaden påverkas av olika institutioner och för hur dessa institutioner ser ut på svensk arbetsmarknad. Studenten skall på ett korrekt sätt kunna utföra en analys av en frågeställning som direkt behandlas i kursmaterialet baserat på en given modell.  • D (Tillfredsställande): Studenten kan redogöra för grundläggande begrepp och teorier inom makroekonomi. Studenten skall också kunna redogöra för hur centrala makroekonomiska variabler utvecklats över tiden, för hur penning- och finanspolitik bedrivs och för de mest centrala institutionerna på svensk arbetsmarknad. Studenten skall på ett huvudsakligen korrekt sätt kunna utföra en analys av en frågeställning som direkt behandlas i kursmaterialet baserat på en given modell.  • E (Tillräckligt): Studenten kan redogöra för grundläggande begrepp och väsentliga komponenter i teorier inom makroekonomi. Studenten skall också kunna redogöra för i stora drag hur centrala makroekonomiska variabler utvecklats över tiden, hur penning- och finanspolitik bedrivs och de mest centrala institutionerna på svensk arbetsmarknad.  • FX (Otillräckligt): Studenten uppfyller i princip kraven för E ovan, men har inte beaktat önskemål om ett förtydligande av tentamensvar.  • F (Helt otillräckligt): Studenten kan inte utföra en analys av en frågeställning som direkt behandlas i kursmaterialet utan att göra stora misstag. För student som fått betyget FX eller F finns inga restriktioner på hur många gånger studenten får genomföra skrivning, dugga och seminarieuppgift för att uppnå lägst betyget E.";" Blanchard, Macroeconomics, Prentice-Hall, senaste upplagan.   M. Persson och E. Skult, Tillämpad makroekonomi, SNS förlag, senaste upplagan  Artiklar. Förteckning på kurshemsidan.  C.-H. Siven, Kompendium i doktrinhistoria - en översikt av nationalekonomins utveckling. Nationalekonomiska institutionen. Finns på kurshemsidan.";"Om kursen upphör ges möjlighet att examineras på kursen vid tre tillfällen under tre terminer efter det att kursen upphör.";"Kursen kan inte tas med i examen med någon av kurserna NE1060 grundkurs i nationalekonomi 20 poäng, NE1200 Grundkurs mikroteori med tillämpningar 10 poäng, NE1300 Grundkurs i nationalekonomi, 20 poäng, långsam studietakt, NE1400 Grundkurs i nationalekonomi för matematik-ekonomilinjen, 20 poäng, NE8400 Grundkurs i nationalekonomi på ekonomlinjen, 20 poäng, KG8110 Grundkurs i samhällsplanering, 60 poäng, KG8120 Fysisk och ekonomisk planering med statistik 20 poäng, EC1203 Makroteori 7,5 högskolepoäng, EC1201, 7,5 hp, EC1202, 7,5 hp, EC1020, 30 hp eller EC1010, 30 hp.";\N;"2010-05-27";"Denna kursplan är fastställd av Nationalekonomiska institutionens styrelse 27 maj 2010."
"17377";"0";"305";"Grundnivå";"EC1212";"Makroteori med tillämpningar (långsam studietakt)";"Macroeconomic Theory and Applications (part time study plan)";"15";"AF";"2012-09-03";"2442";"100";"EBMCSA";"Engelska B/Engelska 6, Matematik C/Matematik 3b alt 3c och Samhällskunskap A/Samhällskunskap 1b alt 1a1 +1a2.";"NA1";"Nationalekonomi";\N;"Saknar huvudområde";"Saknar huvudområde";"Kursen introducerar makroekonomiska problem och metoder. Den består av en teoridel och en tillämpningsdel. Teoridelen lär ut beräkningsgrunder för bruttonationalprodukten (BNP) och teorier för hur produktion, arbetslöshet och inflation bestäms. Den lär också ut teorier för hur finans- och penningpolitik påverkar ekonomin på kort och medellång sikt. Vidare lär den ut teorier för tillväxt, konjunkturcykler och för hur olika valutasystem påverkar BNP, sysselsättning och förutsättningarna för den ekonomiska politiken. I tillämpningsdelen studeras stabiliseringspolitiska problem i en öppen ekonomi, konjunkturell och långsiktig ekonomisk utveckling samt olika synsätt på stabiliseringspolitikens roll och möjligheter. Kursen ger även en viss orientering om nationalekonomins utveckling.  Kursen vänder sig till alla som vill lära sig grunderna i makroekonomisk analys. Makroekonomisk analys används i stor utsträckning inom banker, vissa delar av statsförvaltningen och internationella organisationer med ekonomisk inriktning. Den utgör grunden för all slags omvärldsanalys med ekonomiska förtecken.";"Efter att ha genomgått kursen förväntas studenten: • Förstå principerna för nationalräkenskapernas uppläggning och för beräkningar av BNP • Kunna tolka innebörden av makroekonomisk statistik • Förstå samband mellan makroekonomiska variabler som BNP, arbetslöshet, ränta, prisnivå och växelkurs • Veta hur penning- och finanspolitik bedrivs • Förstå hur lönebildningen sker och hur den påverkas av institutionella faktorer • Veta hur svensk ekonomisk politik har bedrivits i ett historiskt perspektiv • Förstå skillnaden mellan positiva och normativa analyser • Kunna utföra analyser av effekten av finans- och penningpolitik på kort och medellång sikt • Kunna utföra analyser av hur strukturella förändringar påverkar produktion och arbetslöshet";"Undervisningen sker i långsam studietakt (halvfart) i form av föreläsningar och gruppövningar samt seminarier. Undervisningsspråk är svenska.";"Kursen examineras med en skriftlig tentamen och  inlämningsuppgifter. En del av poängen på tentamen kan tillgodoräknas genom deltagande i duggor samt löpande examination under kursens gång. Betygssättning sker enligt en sjugradig målrelaterad betygsskala: För godkänt resultat finns betygen A, B, C, D och E där A är högst och E är lägst. För underkänt resultat finns F och FX är F är högre FX.  Betygskriterier:  • A (Utmärkt): Studenten kan redogöra för grundläggande begrepp och teorier inom makroekonomi. Studenten skall också kunna redogöra för hur centrala makroekonomiska variabler utvecklats över tiden, för hur penning- och finanspolitik bedrivs, för hur arbetsmarknaden påverkas av olika institutioner och för hur dessa institutioner ser ut på svensk arbetsmarknad. Han/hon skall på ett korrekt och välstrukturerat sätt kunna utföra en självständig analys av en makroekonomisk frågeställning på grundval av kursens teori- och tillämpningsdel. Vidare krävs att studenten förmår skilja mellan positiv och normativ analys.  • B (Mycket bra): Studenten kan redogöra för grundläggande begrepp och teorier inom makroekonomi. Studenten skall också kunna redogöra för hur centrala makroekonomiska variabler utvecklats över tiden, för hur penning- och finanspolitik bedrivs, för hur arbetsmarknaden påverkas av olika institutioner och för hur dessa institutioner ser ut på svensk arbetsmarknad. Han/hon skall på ett korrekt och välstrukturerat sätt kunna utföra en analys av en frågeställning som direkt behandlas i kursmaterialet baserat på en given modell.  • C (Bra) krävs att studenten kan redogöra för grundläggande begrepp och teorier inom makroekonomi. Studenten skall också kunna redogöra för hur centrala makroekonomiska variabler utvecklats över tiden, för hur penning- och finanspolitik bedrivs, för hur arbetsmarknaden påverkas av olika institutioner och för hur dessa institutioner ser ut på svensk arbetsmarknad. Studenten skall på ett korrekt sätt kunna utföra en analys av en frågeställning som direkt behandlas i kursmaterialet baserat på en given modell.  • D (Tillfredsställande): Studenten kan redogöra för grundläggande begrepp och teorier inom makroekonomi. Studenten skall också kunna redogöra för hur centrala makroekonomiska variabler utvecklats över tiden, för hur penning- och finanspolitik bedrivs och för de mest centrala institutionerna på svensk arbetsmarknad. Studenten skall på ett huvudsakligen korrekt sätt kunna utföra en analys av en frågeställning som direkt behandlas i kursmaterialet baserat på en given modell.  • E (Tillräckligt): Studenten kan redogöra för grundläggande begrepp och väsentliga komponenter i teorier inom makroekonomi. Studenten skall också kunna redogöra för i stora drag hur centrala makroekonomiska variabler utvecklats över tiden, hur penning- och finanspolitik bedrivs och de mest centrala institutionerna på svensk arbetsmarknad.  • FX (Otillräckligt): Studenten uppfyller i princip kraven för E ovan, men har inte beaktat önskemål om ett förtydligande av tentamensvar.  • F (Helt otillräckligt): Studenten kan inte utföra en analys av en frågeställning som direkt behandlas i kursmaterialet utan att göra stora misstag. För student som fått betyget FX eller F finns inga restriktioner på hur många gånger studenten får genomföra skrivning, dugga och seminarieuppgift för att uppnå lägst betyget E.";" Blanchard, O., Giavazzi, F., och Amighini, A., Macroeconomics a European Perspective, Financial Times/ Prentice Hall, senaste upplagan.  M. Persson och E. Skult, Tillämpad makroekonomi, SNS förlag, senaste upplagan  Artiklar. Förteckning på kurshemsidan.  C.-H. Siven, Kompendium i doktrinhistoria - en översikt av nationalekonomins utveckling. Nationalekonomiska institutionen. Finns på kurshemsidan.";"Om kursen upphör ges möjlighet att examineras på kursen vid tre tillfällen under tre terminer efter det att kursen upphör.";"Kursen kan inte tas med i examen med någon av kurserna NE1060 grundkurs i nationalekonomi 20 poäng, NE1200 Grundkurs mikroteori med tillämpningar 10 poäng, NE1300 Grundkurs i nationalekonomi, 20 poäng, långsam studietakt, NE1400 Grundkurs i nationalekonomi för matematik-ekonomilinjen, 20 poäng, NE8400 Grundkurs i nationalekonomi på ekonomlinjen, 20 poäng, KG8110 Grundkurs i samhällsplanering, 60 poäng, KG8120 Fysisk och ekonomisk planering med statistik 20 poäng, EC1203 Makroteori 7,5 högskolepoäng, EC1201, 7,5 hp, EC1202, 7,5 hp, EC1020, 30 hp eller EC1010, 30 hp.";"";"2012-02-23";"Denna kursplan är fastställd av Nationalekonomiska institutionens styrelse 27 maj 2010. Rev 2012-02-23."
"17377";"0";"305";"Grundnivå";"EC1212";"Makroteori med tillämpningar (långsam studietakt)";"Macroeconomic Theory and Applications (part time study plan)";"15";"AF";"2013-09-02";"2442";"100";"EBMCSA";"Engelska B/Engelska 6, Matematik C/Matematik 3b alt 3c och Samhällskunskap A/Samhällskunskap 1b alt 1a1 +1a2.";"NA1";"Nationalekonomi";\N;"Saknar huvudområde";"Saknar huvudområde";"Kursen introducerar makroekonomiska problem och metoder. Den består av en teoridel och en tillämpningsdel. Teoridelen lär ut beräkningsgrunder för bruttonationalprodukten (BNP) och teorier för hur produktion, arbetslöshet och inflation bestäms. Den lär också ut teorier för hur finans- och penningpolitik påverkar ekonomin på kort och medellång sikt. Vidare lär den ut teorier för tillväxt, konjunkturcykler och för hur olika valutasystem påverkar BNP, sysselsättning och förutsättningarna för den ekonomiska politiken. I tillämpningsdelen studeras stabiliseringspolitiska problem i en öppen ekonomi, konjunkturell och långsiktig ekonomisk utveckling samt olika synsätt på stabiliseringspolitikens roll och möjligheter. Kursen ger även en viss orientering om nationalekonomins utveckling.  Kursen vänder sig till alla som vill lära sig grunderna i makroekonomisk analys. Makroekonomisk analys används i stor utsträckning inom banker, vissa delar av statsförvaltningen och internationella organisationer med ekonomisk inriktning. Den utgör grunden för all slags omvärldsanalys med ekonomiska förtecken.";"Efter att ha genomgått kursen förväntas studenten: • Förstå principerna för nationalräkenskapernas uppläggning och för beräkningar av BNP • Kunna tolka innebörden av makroekonomisk statistik • Förstå samband mellan makroekonomiska variabler som BNP, arbetslöshet, ränta, prisnivå och växelkurs • Veta hur penning- och finanspolitik bedrivs • Förstå hur lönebildningen sker och hur den påverkas av institutionella faktorer • Veta hur svensk ekonomisk politik har bedrivits i ett historiskt perspektiv • Förstå skillnaden mellan positiva och normativa analyser • Kunna utföra analyser av effekten av finans- och penningpolitik på kort och medellång sikt • Kunna utföra analyser av hur strukturella förändringar påverkar produktion och arbetslöshet";"Undervisningen sker i långsam studietakt (halvfart) i form av föreläsningar och gruppövningar samt seminarier. Undervisningsspråk är svenska.";"Kursen examineras på följande vis: två skriftliga duggor samt en skriftlig tentamen. En del av poängen på tentamen kan tillgodoräknas genom löpande examination under kursens gång.  Dugga 1 och dugga 2 examineras med betygen U eller G. Den skriftliga tentamen examineras enligt en sjugradig målrelaterad betygsskala: För godkänt resultat finns betygen A , B, C, D och E där A är högst och E är lägst. För underkänt resultat finns F och FX där F är högre FX.  Betygskriterier:  • A (Utmärkt): Studenten kan redogöra för grundläggande begrepp och teorier inom makroekonomi. Studenten skall också kunna redogöra för hur centrala makroekonomiska variabler utvecklats över tiden, för hur penning- och finanspolitik bedrivs, för hur arbetsmarknaden påverkas av olika institutioner och för hur dessa institutioner ser ut på svensk arbetsmarknad. Han/hon skall på ett korrekt och välstrukturerat sätt kunna utföra en självständig analys av en makroekonomisk frågeställning på grundval av kursens teori- och tillämpningsdel. Vidare krävs att studenten förmår skilja mellan positiv och normativ analys.  • B (Mycket bra): Studenten kan redogöra för grundläggande begrepp och teorier inom makroekonomi. Studenten skall också kunna redogöra för hur centrala makroekonomiska variabler utvecklats över tiden, för hur penning- och finanspolitik bedrivs, för hur arbetsmarknaden påverkas av olika institutioner och för hur dessa institutioner ser ut på svensk arbetsmarknad. Han/hon skall på ett korrekt och välstrukturerat sätt kunna utföra en analys av en frågeställning som direkt behandlas i kursmaterialet baserat på en given modell.  • C (Bra) krävs att studenten kan redogöra för grundläggande begrepp och teorier inom makroekonomi. Studenten skall också kunna redogöra för hur centrala makroekonomiska variabler utvecklats över tiden, för hur penning- och finanspolitik bedrivs, för hur arbetsmarknaden påverkas av olika institutioner och för hur dessa institutioner ser ut på svensk arbetsmarknad. Studenten skall på ett korrekt sätt kunna utföra en analys av en frågeställning som direkt behandlas i kursmaterialet baserat på en given modell.  • D (Tillfredsställande): Studenten kan redogöra för grundläggande begrepp och teorier inom makroekonomi. Studenten skall också kunna redogöra för hur centrala makroekonomiska variabler utvecklats över tiden, för hur penning- och finanspolitik bedrivs och för de mest centrala institutionerna på svensk arbetsmarknad. Studenten skall på ett huvudsakligen korrekt sätt kunna utföra en analys av en frågeställning som direkt behandlas i kursmaterialet baserat på en given modell.  • E (Tillräckligt): Studenten kan redogöra för grundläggande begrepp och väsentliga komponenter i teorier inom makroekonomi. Studenten skall också kunna redogöra för i stora drag hur centrala makroekonomiska variabler utvecklats över tiden, hur penning- och finanspolitik bedrivs och de mest centrala institutionerna på svensk arbetsmarknad.  • FX (Otillräckligt): Studenten uppfyller i princip kraven för E ovan, men har inte beaktat önskemål om ett förtydligande av tentamensvar.  • F (Helt otillräckligt): Studenten kan inte utföra en analys av en frågeställning som direkt behandlas i kursmaterialet utan att göra stora misstag.  För betyg på hela kursen gäller att om duggorna båda examinerats med G bestäms kursbetyget av betyget på tentamen och i annat fall blir kursbetyget F oberoende av betyget på tentamen.  För student som fått betyget FX eller F finns inga restriktioner på hur många gånger studenten får genomföra skrivning, dugga och seminarieuppgift för att uppnå lägst betyget E.";" Blanchard, O., Giavazzi, F., och Amighini, A., Macroeconomics a European Perspective, Financial Times/ Prentice Hall, senaste upplagan.  M. Persson och E. Skult, Tillämpad makroekonomi, SNS förlag, senaste upplagan  Artiklar. Förteckning på kurshemsidan.  C.-H. Siven, Kompendium i doktrinhistoria - en översikt av nationalekonomins utveckling. Nationalekonomiska institutionen. Finns på kurshemsidan.";"Om kursen upphör ges möjlighet att examineras på kursen vid tre tillfällen under tre terminer efter det att kursen upphör.";"Kursen kan inte tas med i examen med någon av kurserna NE1060 grundkurs i nationalekonomi 20 poäng, NE1200 Grundkurs mikroteori med tillämpningar 10 poäng, NE1300 Grundkurs i nationalekonomi, 20 poäng, långsam studietakt, NE1400 Grundkurs i nationalekonomi för matematik-ekonomilinjen, 20 poäng, NE8400 Grundkurs i nationalekonomi på ekonomlinjen, 20 poäng, KG8110 Grundkurs i samhällsplanering, 60 poäng, KG8120 Fysisk och ekonomisk planering med statistik 20 poäng, EC1203 Makroteori 7,5 högskolepoäng, EC1201, 7,5 hp, EC1202, 7,5 hp, EC1020, 30 hp eller EC1010, 30 hp.";"";"2013-02-14";"Denna kursplan är fastställd av Nationalekonomiska institutionens styrelse 27 maj 2010 och reviderad 23 februari 2012 samt 14 februari 2013. "
"17377";"0";"305";"Grundnivå";"EC1212";"Makroteori med tillämpningar (långsam studietakt)";"Macroeconomic Theory and Applications (part time study plan)";"15";"AF";"2015-08-31";"2442";"100";"EBMCSA";"Engelska B/Engelska 6, Matematik C/Matematik 3b alt 3c och Samhällskunskap A/Samhällskunskap 1b alt 1a1 +1a2.";"NA1";"Nationalekonomi";\N;"Saknar huvudområde";"Saknar huvudområde";"Kursen introducerar makroekonomiska problem och metoder. Den består av en teoridel och en tillämpningsdel. Teoridelen lär ut beräkningsgrunder för bruttonationalprodukten (BNP) och teorier för hur produktion, arbetslöshet och inflation bestäms. Den lär också ut teorier för hur finans- och penningpolitik påverkar ekonomin på kort och medellång sikt. Vidare lär den ut teorier för tillväxt, konjunkturcykler och för hur olika valutasystem påverkar BNP, sysselsättning och förutsättningarna för den ekonomiska politiken. I tillämpningsdelen studeras stabiliseringspolitiska problem i en öppen ekonomi, konjunkturell och långsiktig ekonomisk utveckling samt olika synsätt på stabiliseringspolitikens roll och möjligheter. Kursen ger även en viss orientering om nationalekonomins utveckling.  Kursen vänder sig till alla som vill lära sig grunderna i makroekonomisk analys. Makroekonomisk analys används i stor utsträckning inom banker, vissa delar av statsförvaltningen och internationella organisationer med ekonomisk inriktning. Den utgör grunden för all slags omvärldsanalys med ekonomiska förtecken.";"Efter att ha genomgått kursen förväntas studenten: • Förstå principerna för nationalräkenskapernas uppläggning och för beräkningar av BNP • Kunna tolka innebörden av makroekonomisk statistik • Förstå samband mellan makroekonomiska variabler som BNP, arbetslöshet, ränta, prisnivå och växelkurs • Veta hur penning- och finanspolitik bedrivs • Förstå hur lönebildningen sker och hur den påverkas av institutionella faktorer • Veta hur svensk ekonomisk politik har bedrivits i ett historiskt perspektiv • Förstå skillnaden mellan positiva och normativa analyser • Kunna utföra analyser av effekten av finans- och penningpolitik på kort och medellång sikt • Kunna utföra analyser av hur strukturella förändringar påverkar produktion och arbetslöshet";"Undervisningen sker i långsam studietakt (halvfart) i form av föreläsningar och gruppövningar samt seminarier. Undervisningsspråk är svenska.";"Kursen examineras på följande vis: två skriftliga duggor samt en skriftlig tentamen. En del av poängen på tentamen kan tillgodoräknas genom löpande examination under kursens gång.  Dugga 1 och dugga 2 examineras med betygen U eller G. Den skriftliga tentamen examineras enligt en sjugradig målrelaterad betygsskala: För godkänt resultat finns betygen A , B, C, D och E där A är högst och E är lägst. För underkänt resultat finns F och FX där F är högre FX.  Betygskriterier:  • A (Utmärkt): Studenten kan redogöra för grundläggande begrepp och teorier inom makroekonomi. Studenten skall också kunna redogöra för hur centrala makroekonomiska variabler utvecklats över tiden, för hur penning- och finanspolitik bedrivs, för hur arbetsmarknaden påverkas av olika institutioner och för hur dessa institutioner ser ut på svensk arbetsmarknad. Han/hon skall på ett korrekt och välstrukturerat sätt kunna utföra en självständig analys av en makroekonomisk frågeställning på grundval av kursens teori- och tillämpningsdel. Vidare krävs att studenten förmår skilja mellan positiv och normativ analys.  • B (Mycket bra): Studenten kan redogöra för grundläggande begrepp och teorier inom makroekonomi. Studenten skall också kunna redogöra för hur centrala makroekonomiska variabler utvecklats över tiden, för hur penning- och finanspolitik bedrivs, för hur arbetsmarknaden påverkas av olika institutioner och för hur dessa institutioner ser ut på svensk arbetsmarknad. Han/hon skall på ett korrekt och välstrukturerat sätt kunna utföra en analys av en frågeställning som direkt behandlas i kursmaterialet baserat på en given modell.  • C (Bra) krävs att studenten kan redogöra för grundläggande begrepp och teorier inom makroekonomi. Studenten skall också kunna redogöra för hur centrala makroekonomiska variabler utvecklats över tiden, för hur penning- och finanspolitik bedrivs, för hur arbetsmarknaden påverkas av olika institutioner och för hur dessa institutioner ser ut på svensk arbetsmarknad. Studenten skall på ett korrekt sätt kunna utföra en analys av en frågeställning som direkt behandlas i kursmaterialet baserat på en given modell.  • D (Tillfredsställande): Studenten kan redogöra för grundläggande begrepp och teorier inom makroekonomi. Studenten skall också kunna redogöra för hur centrala makroekonomiska variabler utvecklats över tiden, för hur penning- och finanspolitik bedrivs och för de mest centrala institutionerna på svensk arbetsmarknad. Studenten skall på ett huvudsakligen korrekt sätt kunna utföra en analys av en frågeställning som direkt behandlas i kursmaterialet baserat på en given modell.  • E (Tillräckligt): Studenten kan redogöra för grundläggande begrepp och väsentliga komponenter i teorier inom makroekonomi. Studenten skall också kunna redogöra för i stora drag hur centrala makroekonomiska variabler utvecklats över tiden, hur penning- och finanspolitik bedrivs och de mest centrala institutionerna på svensk arbetsmarknad.  • FX (Otillräckligt): Studenten uppfyller i princip kraven för E ovan, men har inte beaktat önskemål om ett förtydligande av tentamensvar.  • F (Helt otillräckligt): Studenten kan inte utföra en analys av en frågeställning som direkt behandlas i kursmaterialet utan att göra stora misstag.  För betyg på hela kursen gäller att om duggorna båda examinerats med G bestäms kursbetyget av betyget på tentamen och i annat fall blir kursbetyget F oberoende av betyget på tentamen.  För student som fått betyget FX eller F finns inga restriktioner på hur många gånger studenten får genomföra skrivning, dugga och seminarieuppgift för att uppnå lägst betyget E.";" Blanchard, O., Makroekonomi. Svensk bearbetning av Calmfors, L., Flam, H., Hassler, J. och Krusell, P., Liber, senaste upplagan  M. Persson och E. Skult, Tillämpad makroekonomi, SNS förlag, senaste upplagan  Artiklar. Förteckning på kurshemsidan.  C.-H. Siven, Kompendium i doktrinhistoria - en översikt av nationalekonomins utveckling. Nationalekonomiska institutionen. Finns på kurshemsidan.";"Om kursen upphör ges möjlighet att examineras på kursen vid tre tillfällen under tre terminer efter det att kursen upphör.";"Kursen kan inte tas med i examen med någon av kurserna NE1060 grundkurs i nationalekonomi 20 poäng, NE1200 Grundkurs mikroteori med tillämpningar 10 poäng, NE1300 Grundkurs i nationalekonomi, 20 poäng, långsam studietakt, NE1400 Grundkurs i nationalekonomi för matematik-ekonomilinjen, 20 poäng, NE8400 Grundkurs i nationalekonomi på ekonomlinjen, 20 poäng, KG8110 Grundkurs i samhällsplanering, 60 poäng, KG8120 Fysisk och ekonomisk planering med statistik 20 poäng, EC1203 Makroteori 7,5 högskolepoäng, EC1201, 7,5 hp, EC1202, 7,5 hp, EC1020, 30 hp eller EC1010, 30 hp.";"";"2015-05-07";"Denna kursplan är fastställd av Nationalekonomiska institutionens styrelse 27 maj 2010 och reviderad 23 februari 2012, 14 februari 2013 samt 7 maj 2015. "
"19038";"1";"311";"Grundnivå";"ST107G";"Statistik I";"Statistics I";"30";"AF";"2011-08-29";"2441";"60";"EBMCSA";"Engelska B/Engelska 6, Matematik C/Matematik 3b alt 3c och Samhällskunskap A/Samhällskunskap 1b alt 1a1 +1a2.";"ST1";"Statistik";\N;"Saknar huvudområde";"Saknar huvudområde";"Kursen består av två moment: 1. Statistikens grunder 2. Regressionsanalys och undersökningsmetodik   I denna kurs betonas statistikens idémässiga bakgrund och dess tillämpning inom empiriska undersökningar, speciellt behandlas beskrivande statistik och statistisk slutledning. Dessutom ger kursen en orientering om statistikens roll inom vetenskap. Modellbegreppet diskuteras utförligt med speciell tonvikt på sannolikhetsmodeller och deras tillämpningar inom olika områden. Kursen behandlar grundläggande statistiska metoder och modeller för analys av samband mellan variabler (regressionsanalys), samt analys av variablers utveckling över tiden (tidsserieanalys). Den ger även en introduktion till tidsserieanalys och prognoser. Dessutom ger kursen grundläggande kunskaper om planering och genomförande av statistiska urvalsundersökningar, urvalsmetoder och undersökningsmetodik.  De begrepp som behandlas mer utförligt är: Kunskapsbyggnad. Modeller, speciellt sannolikhetsmodeller. Grundläggande sannolikhetslära. Diskreta och kontinuerliga stokastiska variabler och deras sannolikhetsfördelningar. Datainsamling. Beskrivande statistik i form av tabeller och diagram. Index. Samplingfördelningar och centrala gränsvärdesatsen. Punktskattning. Intervallskattning. Hypotesprövning. Anpassningstest och oberoendetest. Regression. Statistiska undersökningar. Beslutsteori. Enkel och multipel linjär regression studeras i detalj, andra modeller som t ex logistisk och icke-linjär regression presenteras mer översiktligt. Modellutvärdering. Planering, genomförande och redovisning av en statistisk urvalsundersökning. Olika datainsamlingsmetoder och informationskällor. Skyddet för statistikuppgifter. Konstruktion av frågeformulär. Olika urvals- och skattningsmetoder. Olika feltyper i en undersökning. Kvalitetsredovisning. Praktiska exempel från olika tillämpningsområden och kritisk granskning.  Statistisk programvara används under hela kursens gång.  Kursens innehåll ger kunskaper som är av stor nytta vid studier och tillämpningar av statistiska metoder inom flera områden.";"Efter att ha genomgått kursen förväntas studenten kunna:  • kritiskt granska en statistisk undersökning  • formulera en modell för ett elementärt ekonomiskt problem  • lösa elementära problem enligt kursens innehåll  • lösa elementära problem vid punktskattning, konfidensintervall och hypotesprövning i ett antal elementära och vanligt förekommande fall  • genomföra enkla dataanalyser med hjälp av statistisk programvara samt presentera resultaten  • tillämpa multipel linjär regressionsanalys och enklare tidsserieanalys, med tillhörande statistisk inferens och modellutvärdering  • redogöra för mer avancerade regressions- och tidsseriemodeller, t ex logistisk regression, avgöra när dessa modeller är lämpliga, samt tolka resultaten från studier där dessa modeller har använts  • planera en statistisk urvalsundersökning inklusive konstruera frågeformulär   • argumentera för och genomföra olika slumpmässiga urval  • lösa elementära problem inom urvals- och skattningsteori  • redogöra för begrepp, metoder och teori som används vid genomförandet av statistiska urvalsundersökningar";"Undervisningen kan bestå av föreläsningar, övningar, seminarier, laborationer och handledning. Viss obligatorisk närvaro och andra obligatoriska inslag kan förekomma.";"a. Kursen examineras genom kunskapskontroll av de förväntade studieresultaten. Kunskapskontrollen sker genom skriftliga prov, skriftliga redovisningar av en individuell uppgift och två gruppuppgifter.  b. Betygssättning sker enligt en sjugradig målrelaterad betygsskala:  A = Utmärkt B = Mycket bra C = Bra  D = Tillfredsställande E  = Tillräckligt Fx = Otillräckligt F  =  Helt Otillräckligt  c. Kursens betygskriterier delas ut vid kursstart.  d. För att få godkänt slutbetyg på hela kursen krävs lägst betyget E på samtliga ingående moment.  e. Studerande som fått betyget Fx eller F på ett prov har rätt att genomgå minst fyra ytterligare prov så länge kursen ges för att uppnå lägst betyget E.  Studerande som fått lägst betyget E på prov får inte genomgå förnyat prov för högre betyg. Studerande som fått betyget Fx eller F på prov två gånger av en examinator har rätt att begära att en annan examinator utses för att bestämma betyg på provet. Framställan härom ska skriftligt göras till prefekten. Med prov jämställs också andra obligatoriska inslag.";"Kurslitteratur redovisas i bilaga.";"Studerande kan begära att examination enligt denna kursplan genomförs högst tre gånger under en tvåårsperiod efter det att den upphört att gälla. Framställan härom ska skriftligt göras till prefekten. Med prov jämställs också andra obligatoriska inslag.";\N;"Kursen har tidigare givits under kurskod ST100G. Registrering till momenten sker som till fristående kurser.";"2010-10-06";"Denna kursplan är fastställd av Statistiska institutionen vid Stockholms universitet 2010-10-06."
"19038";"1";"311";"Grundnivå";"ST107G";"Statistik I";"Statistics I";"30";"AF";"2014-09-01";"2441";"60";"EBMCSA";"Engelska B/Engelska 6, Matematik C/Matematik 3b alt 3c och Samhällskunskap A/Samhällskunskap 1b alt 1a1 +1a2.";"ST1";"Statistik";\N;"Saknar huvudområde";"Saknar huvudområde";"Kursen består av två moment: 1. Statistikens grunder 2. Regressionsanalys och undersökningsmetodik   I denna kurs betonas statistikens idémässiga bakgrund och dess tillämpning inom empiriska undersökningar, speciellt behandlas beskrivande statistik och statistisk slutledning. Dessutom ger kursen en orientering om statistikens roll inom vetenskap. Modellbegreppet diskuteras utförligt med speciell tonvikt på sannolikhetsmodeller och deras tillämpningar inom olika områden. Kursen behandlar grundläggande statistiska metoder och modeller för analys av samband mellan variabler (regressionsanalys), samt analys av variablers utveckling över tiden (tidsserieanalys). Den ger även en introduktion till tidsserieanalys och prognoser. Dessutom ger kursen grundläggande kunskaper om planering och genomförande av statistiska urvalsundersökningar, urvalsmetoder och undersökningsmetodik.  De begrepp som behandlas mer utförligt är: Kunskapsbyggnad. Modeller, speciellt sannolikhetsmodeller. Grundläggande sannolikhetslära. Diskreta och kontinuerliga stokastiska variabler och deras sannolikhetsfördelningar. Datainsamling. Beskrivande statistik i form av tabeller och diagram. Index. Samplingfördelningar och centrala gränsvärdesatsen. Punktskattning. Intervallskattning. Hypotesprövning. Anpassningstest och oberoendetest. Regression. Statistiska undersökningar. Beslutsteori. Enkel och multipel linjär regression studeras i detalj, andra modeller som t ex logistisk och icke-linjär regression presenteras mer översiktligt. Modellutvärdering. Planering, genomförande och redovisning av en statistisk urvalsundersökning. Olika datainsamlingsmetoder och informationskällor. Skyddet för statistikuppgifter. Konstruktion av frågeformulär. Olika urvals- och skattningsmetoder. Olika feltyper i en undersökning. Kvalitetsredovisning. Praktiska exempel från olika tillämpningsområden och kritisk granskning.  Statistisk programvara används under hela kursens gång.  Kursens innehåll ger kunskaper som är av stor nytta vid studier och tillämpningar av statistiska metoder inom flera områden.";"För godkänt resultat ska studenten kunna:  • kritiskt granska en statistisk undersökning • formulera en modell för ett elementärt ekonomiskt problem • lösa elementära problem enligt kursens innehåll • lösa elementära problem vid punktskattning, konfidensintervall och hypotesprövning i ett antal elementära och vanligt förekommande fall • genomföra enkla dataanalyser med hjälp av statistisk programvara samt presentera resultaten • tillämpa multipel linjär regressionsanalys och enklare tidsserieanalys, med tillhörande statistisk inferens och modellutvärdering • redogöra för mer avancerade regressions- och tidsseriemodeller, t ex logistisk regression, avgöra när dessa modeller är lämpliga, samt tolka resultaten från studier där dessa modeller har använts • planera en statistisk urvalsundersökning inklusive konstruera frågeformulär  • argumentera för och genomföra olika slumpmässiga urval • lösa elementära problem inom urvals- och skattningsteori • redogöra för begrepp, metoder och teori som används vid genomförandet av statistiska urvalsundersökningar";"Undervisningen består av föreläsningar och övningar.";"a. Kursen examineras genom kunskapskontroll av de förväntade studieresultaten. Kunskapskontrollen sker genom skriftliga prov och skriftliga redovisningar av gruppuppgifter.  b. Betygssättning sker enligt en sjugradig målrelaterad betygsskala:  A = Utmärkt B = Mycket bra C = Bra  D = Tillfredsställande E  = Tillräckligt Fx = Otillräckligt F  =  Helt Otillräckligt  c. Kursens betygskriterier delas ut vid kursstart.  d. För att få godkänt slutbetyg på hela kursen krävs lägst betyget E på samtliga ingående moment.  e. Studerande som fått betyget Fx eller F på ett prov har rätt att genomgå minst fyra ytterligare prov så länge kursen ges för att uppnå lägst betyget E.  Studerande som fått lägst betyget E på prov får inte genomgå förnyat prov för högre betyg. Såväl Fx som F är underkända betyg och kräver omexamination. Studerande som fått betyget Fx eller F på prov två gånger av en examinator har rätt att begära att en annan examinator utses för att bestämma betyg på provet. Framställan härom ska skriftligt göras till prefekten. Med prov jämställs också andra obligatoriska inslag. För varje kurstillfälle ska två examinationstillfällen finnas för aktuell termin.";"Kurslitteratur redovisas i bilaga.";"När kursplanen är upphävd har studenten rätt att examineras en gång per termin enligt föreliggande kursplan under en avvecklingsperiod på tre terminer. Framställan härom skall göras skriftligt till prefekten.";"Kursen kan ej ingå i examen tillsammans med kursen Statistik I (ST100G) 30 hp, kursen Statistikens grunder (ST110G) 15 hp, kursen Statistikens grunder (ST111G) 15 hp, kursen Regressionsanalys och undersökningsmetodik (ST120G) 15 hp, eller kursen Regressionsanalys och undersökningsmetodik (ST123G) 15 hp, eller motsvarande.";\N;"2014-03-12";"Denna kursplan är fastställd av Statistiska institutionen vid Stockholms universitet 2010-10-06 och reviderad 2014-03-12. Beslut om upphävande är fattat av styrelsen för Statistiska institutionen vid Stockholm universitet 2023-01-25."
"19038";"1";"311";"Grundnivå";"ST107G";"Statistik I";"Statistics I";"30";"AF";"2011-08-29";"2442";"40";"EBMCSA";"Engelska B/Engelska 6, Matematik C/Matematik 3b alt 3c och Samhällskunskap A/Samhällskunskap 1b alt 1a1 +1a2.";"ST1";"Statistik";\N;"Saknar huvudområde";"Saknar huvudområde";"Kursen består av två moment: 1. Statistikens grunder 2. Regressionsanalys och undersökningsmetodik   I denna kurs betonas statistikens idémässiga bakgrund och dess tillämpning inom empiriska undersökningar, speciellt behandlas beskrivande statistik och statistisk slutledning. Dessutom ger kursen en orientering om statistikens roll inom vetenskap. Modellbegreppet diskuteras utförligt med speciell tonvikt på sannolikhetsmodeller och deras tillämpningar inom olika områden. Kursen behandlar grundläggande statistiska metoder och modeller för analys av samband mellan variabler (regressionsanalys), samt analys av variablers utveckling över tiden (tidsserieanalys). Den ger även en introduktion till tidsserieanalys och prognoser. Dessutom ger kursen grundläggande kunskaper om planering och genomförande av statistiska urvalsundersökningar, urvalsmetoder och undersökningsmetodik.  De begrepp som behandlas mer utförligt är: Kunskapsbyggnad. Modeller, speciellt sannolikhetsmodeller. Grundläggande sannolikhetslära. Diskreta och kontinuerliga stokastiska variabler och deras sannolikhetsfördelningar. Datainsamling. Beskrivande statistik i form av tabeller och diagram. Index. Samplingfördelningar och centrala gränsvärdesatsen. Punktskattning. Intervallskattning. Hypotesprövning. Anpassningstest och oberoendetest. Regression. Statistiska undersökningar. Beslutsteori. Enkel och multipel linjär regression studeras i detalj, andra modeller som t ex logistisk och icke-linjär regression presenteras mer översiktligt. Modellutvärdering. Planering, genomförande och redovisning av en statistisk urvalsundersökning. Olika datainsamlingsmetoder och informationskällor. Skyddet för statistikuppgifter. Konstruktion av frågeformulär. Olika urvals- och skattningsmetoder. Olika feltyper i en undersökning. Kvalitetsredovisning. Praktiska exempel från olika tillämpningsområden och kritisk granskning.  Statistisk programvara används under hela kursens gång.  Kursens innehåll ger kunskaper som är av stor nytta vid studier och tillämpningar av statistiska metoder inom flera områden.";"Efter att ha genomgått kursen förväntas studenten kunna:  • kritiskt granska en statistisk undersökning  • formulera en modell för ett elementärt ekonomiskt problem  • lösa elementära problem enligt kursens innehåll  • lösa elementära problem vid punktskattning, konfidensintervall och hypotesprövning i ett antal elementära och vanligt förekommande fall  • genomföra enkla dataanalyser med hjälp av statistisk programvara samt presentera resultaten  • tillämpa multipel linjär regressionsanalys och enklare tidsserieanalys, med tillhörande statistisk inferens och modellutvärdering  • redogöra för mer avancerade regressions- och tidsseriemodeller, t ex logistisk regression, avgöra när dessa modeller är lämpliga, samt tolka resultaten från studier där dessa modeller har använts  • planera en statistisk urvalsundersökning inklusive konstruera frågeformulär   • argumentera för och genomföra olika slumpmässiga urval  • lösa elementära problem inom urvals- och skattningsteori  • redogöra för begrepp, metoder och teori som används vid genomförandet av statistiska urvalsundersökningar";"Undervisningen kan bestå av föreläsningar, övningar, seminarier, laborationer och handledning. Viss obligatorisk närvaro och andra obligatoriska inslag kan förekomma.";"a. Kursen examineras genom kunskapskontroll av de förväntade studieresultaten. Kunskapskontrollen sker genom skriftliga prov, skriftliga redovisningar av en individuell uppgift och två gruppuppgifter.  b. Betygssättning sker enligt en sjugradig målrelaterad betygsskala:  A = Utmärkt B = Mycket bra C = Bra  D = Tillfredsställande E  = Tillräckligt Fx = Otillräckligt F  =  Helt Otillräckligt  c. Kursens betygskriterier delas ut vid kursstart.  d. För att få godkänt slutbetyg på hela kursen krävs lägst betyget E på samtliga ingående moment.  e. Studerande som fått betyget Fx eller F på ett prov har rätt att genomgå minst fyra ytterligare prov så länge kursen ges för att uppnå lägst betyget E.  Studerande som fått lägst betyget E på prov får inte genomgå förnyat prov för högre betyg. Studerande som fått betyget Fx eller F på prov två gånger av en examinator har rätt att begära att en annan examinator utses för att bestämma betyg på provet. Framställan härom ska skriftligt göras till prefekten. Med prov jämställs också andra obligatoriska inslag.";"Kurslitteratur redovisas i bilaga.";"Studerande kan begära att examination enligt denna kursplan genomförs högst tre gånger under en tvåårsperiod efter det att den upphört att gälla. Framställan härom ska skriftligt göras till prefekten. Med prov jämställs också andra obligatoriska inslag.";\N;"Kursen har tidigare givits under kurskod ST100G. Registrering till momenten sker som till fristående kurser.";"2010-10-06";"Denna kursplan är fastställd av Statistiska institutionen vid Stockholms universitet 2010-10-06."
"19038";"1";"311";"Grundnivå";"ST107G";"Statistik I";"Statistics I";"30";"AF";"2014-09-01";"2442";"40";"EBMCSA";"Engelska B/Engelska 6, Matematik C/Matematik 3b alt 3c och Samhällskunskap A/Samhällskunskap 1b alt 1a1 +1a2.";"ST1";"Statistik";\N;"Saknar huvudområde";"Saknar huvudområde";"Kursen består av två moment: 1. Statistikens grunder 2. Regressionsanalys och undersökningsmetodik   I denna kurs betonas statistikens idémässiga bakgrund och dess tillämpning inom empiriska undersökningar, speciellt behandlas beskrivande statistik och statistisk slutledning. Dessutom ger kursen en orientering om statistikens roll inom vetenskap. Modellbegreppet diskuteras utförligt med speciell tonvikt på sannolikhetsmodeller och deras tillämpningar inom olika områden. Kursen behandlar grundläggande statistiska metoder och modeller för analys av samband mellan variabler (regressionsanalys), samt analys av variablers utveckling över tiden (tidsserieanalys). Den ger även en introduktion till tidsserieanalys och prognoser. Dessutom ger kursen grundläggande kunskaper om planering och genomförande av statistiska urvalsundersökningar, urvalsmetoder och undersökningsmetodik.  De begrepp som behandlas mer utförligt är: Kunskapsbyggnad. Modeller, speciellt sannolikhetsmodeller. Grundläggande sannolikhetslära. Diskreta och kontinuerliga stokastiska variabler och deras sannolikhetsfördelningar. Datainsamling. Beskrivande statistik i form av tabeller och diagram. Index. Samplingfördelningar och centrala gränsvärdesatsen. Punktskattning. Intervallskattning. Hypotesprövning. Anpassningstest och oberoendetest. Regression. Statistiska undersökningar. Beslutsteori. Enkel och multipel linjär regression studeras i detalj, andra modeller som t ex logistisk och icke-linjär regression presenteras mer översiktligt. Modellutvärdering. Planering, genomförande och redovisning av en statistisk urvalsundersökning. Olika datainsamlingsmetoder och informationskällor. Skyddet för statistikuppgifter. Konstruktion av frågeformulär. Olika urvals- och skattningsmetoder. Olika feltyper i en undersökning. Kvalitetsredovisning. Praktiska exempel från olika tillämpningsområden och kritisk granskning.  Statistisk programvara används under hela kursens gång.  Kursens innehåll ger kunskaper som är av stor nytta vid studier och tillämpningar av statistiska metoder inom flera områden.";"För godkänt resultat ska studenten kunna:  • kritiskt granska en statistisk undersökning • formulera en modell för ett elementärt ekonomiskt problem • lösa elementära problem enligt kursens innehåll • lösa elementära problem vid punktskattning, konfidensintervall och hypotesprövning i ett antal elementära och vanligt förekommande fall • genomföra enkla dataanalyser med hjälp av statistisk programvara samt presentera resultaten • tillämpa multipel linjär regressionsanalys och enklare tidsserieanalys, med tillhörande statistisk inferens och modellutvärdering • redogöra för mer avancerade regressions- och tidsseriemodeller, t ex logistisk regression, avgöra när dessa modeller är lämpliga, samt tolka resultaten från studier där dessa modeller har använts • planera en statistisk urvalsundersökning inklusive konstruera frågeformulär  • argumentera för och genomföra olika slumpmässiga urval • lösa elementära problem inom urvals- och skattningsteori • redogöra för begrepp, metoder och teori som används vid genomförandet av statistiska urvalsundersökningar";"Undervisningen består av föreläsningar och övningar.";"a. Kursen examineras genom kunskapskontroll av de förväntade studieresultaten. Kunskapskontrollen sker genom skriftliga prov och skriftliga redovisningar av gruppuppgifter.  b. Betygssättning sker enligt en sjugradig målrelaterad betygsskala:  A = Utmärkt B = Mycket bra C = Bra  D = Tillfredsställande E  = Tillräckligt Fx = Otillräckligt F  =  Helt Otillräckligt  c. Kursens betygskriterier delas ut vid kursstart.  d. För att få godkänt slutbetyg på hela kursen krävs lägst betyget E på samtliga ingående moment.  e. Studerande som fått betyget Fx eller F på ett prov har rätt att genomgå minst fyra ytterligare prov så länge kursen ges för att uppnå lägst betyget E.  Studerande som fått lägst betyget E på prov får inte genomgå förnyat prov för högre betyg. Såväl Fx som F är underkända betyg och kräver omexamination. Studerande som fått betyget Fx eller F på prov två gånger av en examinator har rätt att begära att en annan examinator utses för att bestämma betyg på provet. Framställan härom ska skriftligt göras till prefekten. Med prov jämställs också andra obligatoriska inslag. För varje kurstillfälle ska två examinationstillfällen finnas för aktuell termin.";"Kurslitteratur redovisas i bilaga.";"När kursplanen är upphävd har studenten rätt att examineras en gång per termin enligt föreliggande kursplan under en avvecklingsperiod på tre terminer. Framställan härom skall göras skriftligt till prefekten.";"Kursen kan ej ingå i examen tillsammans med kursen Statistik I (ST100G) 30 hp, kursen Statistikens grunder (ST110G) 15 hp, kursen Statistikens grunder (ST111G) 15 hp, kursen Regressionsanalys och undersökningsmetodik (ST120G) 15 hp, eller kursen Regressionsanalys och undersökningsmetodik (ST123G) 15 hp, eller motsvarande.";\N;"2014-03-12";"Denna kursplan är fastställd av Statistiska institutionen vid Stockholms universitet 2010-10-06 och reviderad 2014-03-12. Beslut om upphävande är fattat av styrelsen för Statistiska institutionen vid Stockholm universitet 2023-01-25."
"19046";"1";"311";"Grundnivå";"ST111G";"Statistikens grunder";"Fundamentals of Statistics";"15";"AF";"2011-08-29";"2441";"60";"EBMCSA";"Engelska B/Engelska 6, Matematik C/Matematik 3b alt 3c och Samhällskunskap A/Samhällskunskap 1b alt 1a1 +1a2.";"ST1";"Statistik";\N;"Saknar huvudområde";"Saknar huvudområde";"Kursen består av fyra moment: 1.	Statistikens grunder 1 2.	Inlämningsuppgift i statistikens grunder 1 3.	Statistikens grunder 2 4.	Inlämningsuppgift i statistikens grunder 2  I denna kurs betonas statistikens idémässiga bakgrund och dess tillämpning inom empiriska undersökningar, speciellt behandlas beskrivande statistik och statistisk slutledning. Dessutom ger kursen en orientering om statistikens roll inom vetenskap. Modellbegreppet diskuteras utförligt med speciell tonvikt på sannolikhetsmodeller och deras tillämpningar inom olika områden. Vidare ingår en introduktion till användningen av statistisk programvara.  De begrepp som behandlas mer utförligt är: Kunskapsbyggnad. Modeller, speciellt sannolikhetsmodeller. Grundläggande sannolikhetslära. Diskreta och kontinuerliga stokastiska variabler och deras sannolikhetsfördelningar. Datainsamling. Beskrivande statistik i form av tabeller och diagram. Index. Samplingfördelningar och centrala gränsvärdesatsen. Punktskattning. Intervallskattning. Hypotesprövning. Anpassningstest och oberoendetest. Regression. Statistiska undersökningar. Beslutsteori.   Kursens innehåll ger kunskaper som är av stor nytta vid studier och tillämpningar av statistiska metoder inom flera områden.";"Efter att ha genomgått kursen förväntas studenten kunna:  • kritiskt granska en statistisk undersökning  • formulera en modell för ett elementärt ekonomiskt problem  • lösa elementära problem enligt kursens innehåll  • lösa elementära problem vid punktskattning, konfidensintervall och hypotesprövning i ett antal elementära och vanligt förekommande fall  • genomföra enkla dataanalyser med hjälp av statistisk programvara samt presentera resultaten";"Undervisningen kan bestå av föreläsningar, övningar, seminarier, laborationer och handledning. Viss obligatorisk närvaro och andra obligatoriska inslag kan förekomma.";"a. Kursen examineras genom kunskapskontroll av de förväntade studieresultaten. Kunskapskontrollen sker genom skriftliga prov och skriftliga redovisningar av gruppuppgifter.  b. Betygssättning sker enligt sjugradig målrelaterad betygsskala:  A = Utmärkt B = Mycket bra C = Bra  D = Tillfredsställande E  = Tillräckligt Fx = Otillräckligt F  =  Helt Otillräckligt  c. Kursens betygskriterier delas ut vid kursstart.  d. För att få godkänt slutbetyg på hela kursen krävs lägst betyget E på momenten 1 och 3 samt godkänt på momenten 2 och 4.  e. Studerande som fått betyget Fx eller F på ett prov har rätt att genomgå minst fyra ytterligare prov så länge kursen ges för att uppnå lägst betyget E.  Studerande som fått lägst betyget E på prov får inte genomgå förnyat prov för högre betyg.  Studerande som fått betyget Fx eller F på prov två gånger av en examinator har rätt att begära att en annan examinator utses för att bestämma betyg på kursen. Framställan härom ska skriftligt göras till prefekten. Med prov jämställs också andra obligatoriska inslag.";"Kurslitteratur redovisas i bilaga.";"Studerande kan begära att examination enligt denna kursplan genomförs högst tre gånger under en tvåårsperiod efter det att den upphört att gälla. Framställan härom ska skriftligt göras till prefekten. Med prov jämställs också andra obligatoriska inslag.";"---";"Kursen har tidigare givits under kurskod ST110G.";"2010-10-06";"Denna kursplan är fastställd av Statistiska institutionen vid Stockholm universitet 2010-10-06."
"19046";"1";"311";"Grundnivå";"ST111G";"Statistikens grunder";"Fundamentals of Statistics";"15";"AF";"2012-01-16";"2441";"60";"EBMCSA";"Engelska B/Engelska 6, Matematik C/Matematik 3b alt 3c och Samhällskunskap A/Samhällskunskap 1b alt 1a1 +1a2.";"ST1";"Statistik";\N;"Saknar huvudområde";"Saknar huvudområde";"Kursen består av fyra moment: 1.	Statistikens grunder 1 2.	Inlämningsuppgift i statistikens grunder 1 3.	Statistikens grunder 2 4.	Inlämningsuppgift i statistikens grunder 2  I denna kurs betonas statistikens idémässiga bakgrund och dess tillämpning inom empiriska undersökningar, speciellt behandlas beskrivande statistik och statistisk slutledning. Dessutom ger kursen en orientering om statistikens roll inom vetenskap. Modellbegreppet diskuteras utförligt med speciell tonvikt på sannolikhetsmodeller och deras tillämpningar inom olika områden. Vidare ingår en introduktion till användningen av statistisk programvara.  De begrepp som behandlas mer utförligt är: Kunskapsbyggnad. Modeller, speciellt sannolikhetsmodeller. Grundläggande sannolikhetslära. Diskreta och kontinuerliga stokastiska variabler och deras sannolikhetsfördelningar. Datainsamling. Beskrivande statistik i form av tabeller och diagram. Index. Samplingfördelningar och centrala gränsvärdesatsen. Punktskattning. Intervallskattning. Hypotesprövning. Anpassningstest och oberoendetest. Statistiska undersökningar. Beslutsteori.   Kursens innehåll ger kunskaper som är av stor nytta vid studier och tillämpningar av statistiska metoder inom flera områden. ";"Efter att ha genomgått kursen förväntas studenten kunna: •kritiskt granska statistiska undersökningar utifrån ett vetenskapligt perspektiv •formulera statistiska modeller för elementära problem inom olika tillämpningsområden •lösa elementära problem inom sannolikhetsteori •lösa elementära problem inom inferensteori •genomföra enkla dataanalyser med hjälp av statistisk programvara samt presentera resultaten ";"Undervisningen kan bestå av föreläsningar, övningar, seminarier, laborationer och handledning. Viss obligatorisk närvaro och andra obligatoriska inslag kan förekomma.";"a. Kursen examineras genom kunskapskontroll av de förväntade studieresultaten. Kunskapskontrollen sker genom skriftliga prov och skriftliga redovisningar av gruppuppgifter.  b. Betygssättning sker enligt sjugradig målrelaterad betygsskala:  A = Utmärkt B = Mycket bra C = Bra  D = Tillfredsställande E  = Tillräckligt Fx = Otillräckligt F  =  Helt Otillräckligt  c. Kursens betygskriterier delas ut vid kursstart.  d. För att få godkänt slutbetyg på hela kursen krävs lägst betyget E på momenten 1 och 3 samt godkänt på momenten 2 och 4.  e. Studerande som fått betyget Fx eller F på ett prov har rätt att genomgå minst fyra ytterligare prov så länge kursen ges för att uppnå lägst betyget E.  Studerande som fått lägst betyget E på prov får inte genomgå förnyat prov för högre betyg.  Studerande som fått betyget Fx eller F på prov två gånger av en examinator har rätt att begära att en annan examinator utses för att bestämma betyg på kursen. Framställan härom ska skriftligt göras till prefekten. Med prov jämställs också andra obligatoriska inslag. ";"Kurslitteratur redovisas i bilaga.";"Studerande kan begära att examination enligt denna kursplan genomförs högst tre gånger under en tvåårsperiod efter det att den upphört att gälla. Framställan härom ska skriftligt göras till prefekten. Med prov jämställs också andra obligatoriska inslag.";"---";"Kursen har tidigare givits under kurskod ST110G.";"2011-06-09";"Denna kursplan är fastställd av Statistiska institutionen vid Stockholm universitet 2010-10-06, reviderad 2011-06-09."
"19046";"1";"311";"Grundnivå";"ST111G";"Statistikens grunder";"Fundamentals of Statistics";"15";"AF";"2011-08-29";"2442";"40";"EBMCSA";"Engelska B/Engelska 6, Matematik C/Matematik 3b alt 3c och Samhällskunskap A/Samhällskunskap 1b alt 1a1 +1a2.";"ST1";"Statistik";\N;"Saknar huvudområde";"Saknar huvudområde";"Kursen består av fyra moment: 1.	Statistikens grunder 1 2.	Inlämningsuppgift i statistikens grunder 1 3.	Statistikens grunder 2 4.	Inlämningsuppgift i statistikens grunder 2  I denna kurs betonas statistikens idémässiga bakgrund och dess tillämpning inom empiriska undersökningar, speciellt behandlas beskrivande statistik och statistisk slutledning. Dessutom ger kursen en orientering om statistikens roll inom vetenskap. Modellbegreppet diskuteras utförligt med speciell tonvikt på sannolikhetsmodeller och deras tillämpningar inom olika områden. Vidare ingår en introduktion till användningen av statistisk programvara.  De begrepp som behandlas mer utförligt är: Kunskapsbyggnad. Modeller, speciellt sannolikhetsmodeller. Grundläggande sannolikhetslära. Diskreta och kontinuerliga stokastiska variabler och deras sannolikhetsfördelningar. Datainsamling. Beskrivande statistik i form av tabeller och diagram. Index. Samplingfördelningar och centrala gränsvärdesatsen. Punktskattning. Intervallskattning. Hypotesprövning. Anpassningstest och oberoendetest. Regression. Statistiska undersökningar. Beslutsteori.   Kursens innehåll ger kunskaper som är av stor nytta vid studier och tillämpningar av statistiska metoder inom flera områden.";"Efter att ha genomgått kursen förväntas studenten kunna:  • kritiskt granska en statistisk undersökning  • formulera en modell för ett elementärt ekonomiskt problem  • lösa elementära problem enligt kursens innehåll  • lösa elementära problem vid punktskattning, konfidensintervall och hypotesprövning i ett antal elementära och vanligt förekommande fall  • genomföra enkla dataanalyser med hjälp av statistisk programvara samt presentera resultaten";"Undervisningen kan bestå av föreläsningar, övningar, seminarier, laborationer och handledning. Viss obligatorisk närvaro och andra obligatoriska inslag kan förekomma.";"a. Kursen examineras genom kunskapskontroll av de förväntade studieresultaten. Kunskapskontrollen sker genom skriftliga prov och skriftliga redovisningar av gruppuppgifter.  b. Betygssättning sker enligt sjugradig målrelaterad betygsskala:  A = Utmärkt B = Mycket bra C = Bra  D = Tillfredsställande E  = Tillräckligt Fx = Otillräckligt F  =  Helt Otillräckligt  c. Kursens betygskriterier delas ut vid kursstart.  d. För att få godkänt slutbetyg på hela kursen krävs lägst betyget E på momenten 1 och 3 samt godkänt på momenten 2 och 4.  e. Studerande som fått betyget Fx eller F på ett prov har rätt att genomgå minst fyra ytterligare prov så länge kursen ges för att uppnå lägst betyget E.  Studerande som fått lägst betyget E på prov får inte genomgå förnyat prov för högre betyg.  Studerande som fått betyget Fx eller F på prov två gånger av en examinator har rätt att begära att en annan examinator utses för att bestämma betyg på kursen. Framställan härom ska skriftligt göras till prefekten. Med prov jämställs också andra obligatoriska inslag.";"Kurslitteratur redovisas i bilaga.";"Studerande kan begära att examination enligt denna kursplan genomförs högst tre gånger under en tvåårsperiod efter det att den upphört att gälla. Framställan härom ska skriftligt göras till prefekten. Med prov jämställs också andra obligatoriska inslag.";"---";"Kursen har tidigare givits under kurskod ST110G.";"2010-10-06";"Denna kursplan är fastställd av Statistiska institutionen vid Stockholm universitet 2010-10-06."
"19046";"1";"311";"Grundnivå";"ST111G";"Statistikens grunder";"Fundamentals of Statistics";"15";"AF";"2012-01-16";"2442";"40";"EBMCSA";"Engelska B/Engelska 6, Matematik C/Matematik 3b alt 3c och Samhällskunskap A/Samhällskunskap 1b alt 1a1 +1a2.";"ST1";"Statistik";\N;"Saknar huvudområde";"Saknar huvudområde";"Kursen består av fyra moment: 1.	Statistikens grunder 1 2.	Inlämningsuppgift i statistikens grunder 1 3.	Statistikens grunder 2 4.	Inlämningsuppgift i statistikens grunder 2  I denna kurs betonas statistikens idémässiga bakgrund och dess tillämpning inom empiriska undersökningar, speciellt behandlas beskrivande statistik och statistisk slutledning. Dessutom ger kursen en orientering om statistikens roll inom vetenskap. Modellbegreppet diskuteras utförligt med speciell tonvikt på sannolikhetsmodeller och deras tillämpningar inom olika områden. Vidare ingår en introduktion till användningen av statistisk programvara.  De begrepp som behandlas mer utförligt är: Kunskapsbyggnad. Modeller, speciellt sannolikhetsmodeller. Grundläggande sannolikhetslära. Diskreta och kontinuerliga stokastiska variabler och deras sannolikhetsfördelningar. Datainsamling. Beskrivande statistik i form av tabeller och diagram. Index. Samplingfördelningar och centrala gränsvärdesatsen. Punktskattning. Intervallskattning. Hypotesprövning. Anpassningstest och oberoendetest. Statistiska undersökningar. Beslutsteori.   Kursens innehåll ger kunskaper som är av stor nytta vid studier och tillämpningar av statistiska metoder inom flera områden. ";"Efter att ha genomgått kursen förväntas studenten kunna: •kritiskt granska statistiska undersökningar utifrån ett vetenskapligt perspektiv •formulera statistiska modeller för elementära problem inom olika tillämpningsområden •lösa elementära problem inom sannolikhetsteori •lösa elementära problem inom inferensteori •genomföra enkla dataanalyser med hjälp av statistisk programvara samt presentera resultaten ";"Undervisningen kan bestå av föreläsningar, övningar, seminarier, laborationer och handledning. Viss obligatorisk närvaro och andra obligatoriska inslag kan förekomma.";"a. Kursen examineras genom kunskapskontroll av de förväntade studieresultaten. Kunskapskontrollen sker genom skriftliga prov och skriftliga redovisningar av gruppuppgifter.  b. Betygssättning sker enligt sjugradig målrelaterad betygsskala:  A = Utmärkt B = Mycket bra C = Bra  D = Tillfredsställande E  = Tillräckligt Fx = Otillräckligt F  =  Helt Otillräckligt  c. Kursens betygskriterier delas ut vid kursstart.  d. För att få godkänt slutbetyg på hela kursen krävs lägst betyget E på momenten 1 och 3 samt godkänt på momenten 2 och 4.  e. Studerande som fått betyget Fx eller F på ett prov har rätt att genomgå minst fyra ytterligare prov så länge kursen ges för att uppnå lägst betyget E.  Studerande som fått lägst betyget E på prov får inte genomgå förnyat prov för högre betyg.  Studerande som fått betyget Fx eller F på prov två gånger av en examinator har rätt att begära att en annan examinator utses för att bestämma betyg på kursen. Framställan härom ska skriftligt göras till prefekten. Med prov jämställs också andra obligatoriska inslag. ";"Kurslitteratur redovisas i bilaga.";"Studerande kan begära att examination enligt denna kursplan genomförs högst tre gånger under en tvåårsperiod efter det att den upphört att gälla. Framställan härom ska skriftligt göras till prefekten. Med prov jämställs också andra obligatoriska inslag.";"---";"Kursen har tidigare givits under kurskod ST110G.";"2011-06-09";"Denna kursplan är fastställd av Statistiska institutionen vid Stockholm universitet 2010-10-06, reviderad 2011-06-09."
"19046";"1";"311";"Grundnivå";"ST111G";"Statistikens grunder";"Fundamentals of Statistics";"15";"AF";"2014-09-01";"2441";"60";"EBMCSA";"Engelska B/Engelska 6, Matematik C/Matematik 3b alt 3c och Samhällskunskap A/Samhällskunskap 1b alt 1a1 +1a2.";"ST1";"Statistik";\N;"Saknar huvudområde";"Saknar huvudområde";"Kursen består av fyra moment: 1.	Statistikens grunder 1 2.	Inlämningsuppgift i statistikens grunder 1 3.	Statistikens grunder 2 4.	Inlämningsuppgift i statistikens grunder 2  I denna kurs betonas statistikens idémässiga bakgrund och dess tillämpning inom empiriska undersökningar, speciellt behandlas beskrivande statistik och statistisk slutledning. Dessutom ger kursen en orientering om statistikens roll inom vetenskap. Modellbegreppet diskuteras utförligt med speciell tonvikt på sannolikhetsmodeller och deras tillämpningar inom olika områden. Vidare ingår en introduktion till användningen av statistisk programvara.  De begrepp som behandlas mer utförligt är: Kunskapsbyggnad. Modeller, speciellt sannolikhetsmodeller. Grundläggande sannolikhetslära. Diskreta och kontinuerliga stokastiska variabler och deras sannolikhetsfördelningar. Datainsamling. Beskrivande statistik i form av tabeller och diagram. Index. Samplingfördelningar och centrala gränsvärdesatsen. Punktskattning. Intervallskattning. Hypotesprövning. Anpassningstest och oberoendetest. Statistiska undersökningar. Beslutsteori.   Kursens innehåll ger kunskaper som är av stor nytta vid studier och tillämpningar av statistiska metoder inom flera områden. ";"För godkänt resultat ska studenten kunna: •kritiskt granska statistiska undersökningar utifrån ett vetenskapligt perspektiv •formulera statistiska modeller för elementära problem inom olika tillämpningsområden •lösa elementära problem inom sannolikhetsteori •lösa elementära problem inom inferensteori •genomföra enkla dataanalyser med hjälp av statistisk programvara samt presentera resultaten ";"Undervisningen består av föreläsningar och övningar.";"a. Kursen examineras genom kunskapskontroll av de förväntade studieresultaten. Kunskapskontrollen sker genom skriftliga prov och skriftliga redovisningar av gruppuppgifter.  b. Betygssättning sker enligt sjugradig målrelaterad betygsskala:  A = Utmärkt B = Mycket bra C = Bra  D = Tillfredsställande E  = Tillräckligt Fx = Otillräckligt F  =  Helt Otillräckligt  c. Kursens betygskriterier delas ut vid kursstart.  d. För att få godkänt slutbetyg på hela kursen krävs lägst betyget E på momenten 1 och 3 samt godkänt på momenten 2 och 4.  e. Studerande som fått betyget Fx eller F på ett prov har rätt att genomgå minst fyra ytterligare prov så länge kursen ges för att uppnå lägst betyget E.  Studerande som fått lägst betyget E på prov får inte genomgå förnyat prov för högre betyg.  Såväl Fx som F är underkända betyg och kräver omexamination. Studerande som fått betyget Fx eller F på prov två gånger av en examinator har rätt att begära att en annan examinator utses för att bestämma betyg på kursen. Framställan härom ska skriftligt göras till prefekten. Med prov jämställs också andra obligatoriska inslag. För varje kurstillfälle ska två examinationstillfällen finnas för aktuell termin.";"Kurslitteratur redovisas i bilaga.";"När kursplanen är upphävd har studenten rätt att examineras en gång per termin enligt föreliggande kursplan under en avvecklingsperiod på tre terminer. Framställan härom skall göras skriftligt till prefekten.";"Kursen kan ej ingå i examen tillsammans med kursen Statistikens grunder (ST110G) 15 hp, eller motsvarande.";"";"2014-03-12";"Denna kursplan är fastställd av Statistiska institutionen vid Stockholm universitet 2010-10-06, reviderad 2011-06-09 och 2014-03-12."
"19046";"1";"311";"Grundnivå";"ST111G";"Statistikens grunder";"Fundamentals of Statistics";"15";"AF";"2017-01-16";"2441";"60";"EBMCSA";"Engelska B/Engelska 6, Matematik C/Matematik 3b alt 3c och Samhällskunskap A/Samhällskunskap 1b alt 1a1 +1a2.";"ST1";"Statistik";\N;"Saknar huvudområde";"Saknar huvudområde";"Kursen består av två delar och examineras genom fyra prov i enlighet med ovanstående provkoder, där ""Prov 1"" har provkod 11ST, ""Prov 2"" har provkod 12SI, ”Prov 3” har provkod 13ST och ”Prov 4” har provkod 14SI.  I denna kurs betonas statistikens idémässiga bakgrund och dess tillämpning inom empiriska undersökningar, speciellt behandlas beskrivande statistik och statistisk slutledning. Dessutom ger kursen en orientering om statistikens roll inom vetenskap. Modellbegreppet diskuteras utförligt med speciell tonvikt på sannolikhetsmodeller och deras tillämpningar inom olika områden. Vidare ingår en introduktion till användningen av statistisk programvara. De begrepp som behandlas mer utförligt är: Kunskapsbyggnad. Modeller, speciellt sannolikhetsmodeller. Grundläggande sannolikhetslära. Diskreta och kontinuerliga stokastiska variabler och deras sannolikhetsfördelningar. Datainsamling. Beskrivande statistik i form av tabeller och diagram. Index. Samplingfördelningar och centrala gränsvärdesatsen. Punktskattning. Intervallskattning. Hypotesprövning. Anpassningstest och oberoendetest. Statistiska undersökningar. Beslutsteori.";"För godkänt resultat skall studenten kunna: I.     kritiskt granska statistiska undersökningar utifrån ett vetenskapligt perspektiv, II.    formulera statistiska modeller för elementära problem inom olika tillämpningsområden, III.   lösa elementära problem inom sannolikhetsteori, IV.    lösa elementära problem inom inferensteori, V.     genomföra enkla dataanalyser med hjälp av statistisk programvara.";"Undervisningen består av föreläsningar och övningar. Examination i form av skriftliga individuella salstentamina, skriftliga redovisningar av grupparbeten samt muntlig redovisning av grupparbete på seminarium ingår som obligatoriska inslag på kursen. Villkoren för respektive examination preciseras nedan under avsnittet Kunskapskontroll och examination. Underkänt resultat kräver omexamination. Tider för examinationstillfällen fastställs senast en månad före kursstart.";"Kursen examineras genom kunskapskontroll av de förväntade studieresultaten. Kunskapskontrollen sker genom skriftliga och muntliga prov.  Betygssättning av kursen sker enligt en sjugradig målrelaterad betygsskala:  A = Utmärkt, B = Mycket bra, C = Bra, D = Tillfredsställande, E = Tillräckligt, Fx = Underkänd, något mer arbete krävs, F = Underkänd, mycket mer arbete krävs.  Kursens betygskriterier, för respektive prov på kursen, ges senast vid kursstart.  Prov 1 är en skriftlig individuell salstentamen. Prov 1 omfattar de förväntade studieresultaten II och III. Betygssättning av Prov 1 sker enligt den sjugradiga skalan ovan, där såväl Fx som F är underkända betyg och kräver omexamination.  Prov 2 är en inlämningsuppgift som skall utföras i grupp, där redovisningen är såväl skriftlig som muntlig. Prov 2 omfattar de förväntade studieresultaten I, II och III. En bedömning av den enskildes prestation, inom arbetsgruppen, måste möjliggöras och dokumenteras. Betygssättning av Prov 2 sker enligt en tvågradig målrelaterad betygsskala: G = Godkänd, U = Underkänd.  Prov 3 är en skriftlig individuell salstentamen. Prov 3 omfattar de förväntade studieresultaten II, III och IV. Betygssättning av Prov 3 sker enligt den sjugradiga skalan ovan, där såväl Fx som F är underkända betyg och kräver omexamination.  Prov 4 är en inlämningsuppgift som skall utföras i grupp, där redovisningen är skriftlig. Prov 4 omfattar de förväntade studieresultaten II, III, IV och V. En bedömning av den enskildes prestation, inom arbetsgruppen, måste möjliggöras och dokumenteras. Betygssättning av Prov 4 sker enligt en tvågradig målrelaterad betygsskala: G = Godkänd, U = Underkänd.  För att få ett godkänt slutbetyg på hela kursen krävs lägst betyget E på Prov 1 och 3 samt betyget G på Prov 2 och 4.  Sammanvägt betyg på hela kursen bestäms av betygen på Prov 1 och 3 (oberoende av ordning) enligt: A + A, A + B    ger sammanvägt betyg A, A + C, A + D, B + B, B + C    ger sammanvägt betyg B, A + E, B + D, B + E, C + C, C + D    ger sammanvägt betyg C, C + E, D + D, D + E    ger sammanvägt betyg D, E + E    ger sammanvägt betyg E.  Vid varje kurstillfälle skall två provtillfällen finnas för samtliga prov. Om endast ett kurstillfälle ges under en tolvmånadersperiod skall ytterligare ett provtillfälle finnas för respektive prov.  Studerande som fått ett underkänt betyg på något av de fyra proven har rätt att genomgå ytterligare provtillfällen så länge kursen ges för att uppnå ett godkänt betyg. Studerande som fått lägst betyget E på Prov 1 eller 3 får inte genomgå förnyat prov för högre betyg. Studerande som fått betyget Fx eller F på Prov 1 eller 3, eller betyget U på Prov 2 eller 4, två gånger av en examinator har rätt att begära att en annan examinator utses för att bestämma den studerandes betyg vid nästa provtillfälle. Framställan härom skall göras skriftligt till prefekten.";"Kurslitteratur redovisas i bilaga.";"När kursplanen är upphävd har studenten rätt att examineras en gång per termin enligt föreliggande kursplan under en avvecklingsperiod på tre terminer. Framställan härom skall göras skriftligt till prefekten.";"Kursen kan inte ingå i examen tillsammans med kursen Statistikens grunder (ST110G) 15 hp, eller motsvarande.";"---";"2016-09-07";"Denna kursplan är fastställd av Statistiska institutionen vid Stockholms universitet 2010-10-06, reviderad 2011-06-09, 2014-03-12 och 2016-09-07. Beslut om upphävande är fattat av styrelsen för Statistiska institutionen vid Stockholm universitet 2023-01-25."
"19046";"1";"311";"Grundnivå";"ST111G";"Statistikens grunder";"Fundamentals of Statistics";"15";"AF";"2014-09-01";"2442";"40";"EBMCSA";"Engelska B/Engelska 6, Matematik C/Matematik 3b alt 3c och Samhällskunskap A/Samhällskunskap 1b alt 1a1 +1a2.";"ST1";"Statistik";\N;"Saknar huvudområde";"Saknar huvudområde";"Kursen består av fyra moment: 1.	Statistikens grunder 1 2.	Inlämningsuppgift i statistikens grunder 1 3.	Statistikens grunder 2 4.	Inlämningsuppgift i statistikens grunder 2  I denna kurs betonas statistikens idémässiga bakgrund och dess tillämpning inom empiriska undersökningar, speciellt behandlas beskrivande statistik och statistisk slutledning. Dessutom ger kursen en orientering om statistikens roll inom vetenskap. Modellbegreppet diskuteras utförligt med speciell tonvikt på sannolikhetsmodeller och deras tillämpningar inom olika områden. Vidare ingår en introduktion till användningen av statistisk programvara.  De begrepp som behandlas mer utförligt är: Kunskapsbyggnad. Modeller, speciellt sannolikhetsmodeller. Grundläggande sannolikhetslära. Diskreta och kontinuerliga stokastiska variabler och deras sannolikhetsfördelningar. Datainsamling. Beskrivande statistik i form av tabeller och diagram. Index. Samplingfördelningar och centrala gränsvärdesatsen. Punktskattning. Intervallskattning. Hypotesprövning. Anpassningstest och oberoendetest. Statistiska undersökningar. Beslutsteori.   Kursens innehåll ger kunskaper som är av stor nytta vid studier och tillämpningar av statistiska metoder inom flera områden. ";"För godkänt resultat ska studenten kunna: •kritiskt granska statistiska undersökningar utifrån ett vetenskapligt perspektiv •formulera statistiska modeller för elementära problem inom olika tillämpningsområden •lösa elementära problem inom sannolikhetsteori •lösa elementära problem inom inferensteori •genomföra enkla dataanalyser med hjälp av statistisk programvara samt presentera resultaten ";"Undervisningen består av föreläsningar och övningar.";"a. Kursen examineras genom kunskapskontroll av de förväntade studieresultaten. Kunskapskontrollen sker genom skriftliga prov och skriftliga redovisningar av gruppuppgifter.  b. Betygssättning sker enligt sjugradig målrelaterad betygsskala:  A = Utmärkt B = Mycket bra C = Bra  D = Tillfredsställande E  = Tillräckligt Fx = Otillräckligt F  =  Helt Otillräckligt  c. Kursens betygskriterier delas ut vid kursstart.  d. För att få godkänt slutbetyg på hela kursen krävs lägst betyget E på momenten 1 och 3 samt godkänt på momenten 2 och 4.  e. Studerande som fått betyget Fx eller F på ett prov har rätt att genomgå minst fyra ytterligare prov så länge kursen ges för att uppnå lägst betyget E.  Studerande som fått lägst betyget E på prov får inte genomgå förnyat prov för högre betyg.  Såväl Fx som F är underkända betyg och kräver omexamination. Studerande som fått betyget Fx eller F på prov två gånger av en examinator har rätt att begära att en annan examinator utses för att bestämma betyg på kursen. Framställan härom ska skriftligt göras till prefekten. Med prov jämställs också andra obligatoriska inslag. För varje kurstillfälle ska två examinationstillfällen finnas för aktuell termin.";"Kurslitteratur redovisas i bilaga.";"När kursplanen är upphävd har studenten rätt att examineras en gång per termin enligt föreliggande kursplan under en avvecklingsperiod på tre terminer. Framställan härom skall göras skriftligt till prefekten.";"Kursen kan ej ingå i examen tillsammans med kursen Statistikens grunder (ST110G) 15 hp, eller motsvarande.";"";"2014-03-12";"Denna kursplan är fastställd av Statistiska institutionen vid Stockholm universitet 2010-10-06, reviderad 2011-06-09 och 2014-03-12."
"19046";"1";"311";"Grundnivå";"ST111G";"Statistikens grunder";"Fundamentals of Statistics";"15";"AF";"2017-01-16";"2442";"40";"EBMCSA";"Engelska B/Engelska 6, Matematik C/Matematik 3b alt 3c och Samhällskunskap A/Samhällskunskap 1b alt 1a1 +1a2.";"ST1";"Statistik";\N;"Saknar huvudområde";"Saknar huvudområde";"Kursen består av två delar och examineras genom fyra prov i enlighet med ovanstående provkoder, där ""Prov 1"" har provkod 11ST, ""Prov 2"" har provkod 12SI, ”Prov 3” har provkod 13ST och ”Prov 4” har provkod 14SI.  I denna kurs betonas statistikens idémässiga bakgrund och dess tillämpning inom empiriska undersökningar, speciellt behandlas beskrivande statistik och statistisk slutledning. Dessutom ger kursen en orientering om statistikens roll inom vetenskap. Modellbegreppet diskuteras utförligt med speciell tonvikt på sannolikhetsmodeller och deras tillämpningar inom olika områden. Vidare ingår en introduktion till användningen av statistisk programvara. De begrepp som behandlas mer utförligt är: Kunskapsbyggnad. Modeller, speciellt sannolikhetsmodeller. Grundläggande sannolikhetslära. Diskreta och kontinuerliga stokastiska variabler och deras sannolikhetsfördelningar. Datainsamling. Beskrivande statistik i form av tabeller och diagram. Index. Samplingfördelningar och centrala gränsvärdesatsen. Punktskattning. Intervallskattning. Hypotesprövning. Anpassningstest och oberoendetest. Statistiska undersökningar. Beslutsteori.";"För godkänt resultat skall studenten kunna: I.     kritiskt granska statistiska undersökningar utifrån ett vetenskapligt perspektiv, II.    formulera statistiska modeller för elementära problem inom olika tillämpningsområden, III.   lösa elementära problem inom sannolikhetsteori, IV.    lösa elementära problem inom inferensteori, V.     genomföra enkla dataanalyser med hjälp av statistisk programvara.";"Undervisningen består av föreläsningar och övningar. Examination i form av skriftliga individuella salstentamina, skriftliga redovisningar av grupparbeten samt muntlig redovisning av grupparbete på seminarium ingår som obligatoriska inslag på kursen. Villkoren för respektive examination preciseras nedan under avsnittet Kunskapskontroll och examination. Underkänt resultat kräver omexamination. Tider för examinationstillfällen fastställs senast en månad före kursstart.";"Kursen examineras genom kunskapskontroll av de förväntade studieresultaten. Kunskapskontrollen sker genom skriftliga och muntliga prov.  Betygssättning av kursen sker enligt en sjugradig målrelaterad betygsskala:  A = Utmärkt, B = Mycket bra, C = Bra, D = Tillfredsställande, E = Tillräckligt, Fx = Underkänd, något mer arbete krävs, F = Underkänd, mycket mer arbete krävs.  Kursens betygskriterier, för respektive prov på kursen, ges senast vid kursstart.  Prov 1 är en skriftlig individuell salstentamen. Prov 1 omfattar de förväntade studieresultaten II och III. Betygssättning av Prov 1 sker enligt den sjugradiga skalan ovan, där såväl Fx som F är underkända betyg och kräver omexamination.  Prov 2 är en inlämningsuppgift som skall utföras i grupp, där redovisningen är såväl skriftlig som muntlig. Prov 2 omfattar de förväntade studieresultaten I, II och III. En bedömning av den enskildes prestation, inom arbetsgruppen, måste möjliggöras och dokumenteras. Betygssättning av Prov 2 sker enligt en tvågradig målrelaterad betygsskala: G = Godkänd, U = Underkänd.  Prov 3 är en skriftlig individuell salstentamen. Prov 3 omfattar de förväntade studieresultaten II, III och IV. Betygssättning av Prov 3 sker enligt den sjugradiga skalan ovan, där såväl Fx som F är underkända betyg och kräver omexamination.  Prov 4 är en inlämningsuppgift som skall utföras i grupp, där redovisningen är skriftlig. Prov 4 omfattar de förväntade studieresultaten II, III, IV och V. En bedömning av den enskildes prestation, inom arbetsgruppen, måste möjliggöras och dokumenteras. Betygssättning av Prov 4 sker enligt en tvågradig målrelaterad betygsskala: G = Godkänd, U = Underkänd.  För att få ett godkänt slutbetyg på hela kursen krävs lägst betyget E på Prov 1 och 3 samt betyget G på Prov 2 och 4.  Sammanvägt betyg på hela kursen bestäms av betygen på Prov 1 och 3 (oberoende av ordning) enligt: A + A, A + B    ger sammanvägt betyg A, A + C, A + D, B + B, B + C    ger sammanvägt betyg B, A + E, B + D, B + E, C + C, C + D    ger sammanvägt betyg C, C + E, D + D, D + E    ger sammanvägt betyg D, E + E    ger sammanvägt betyg E.  Vid varje kurstillfälle skall två provtillfällen finnas för samtliga prov. Om endast ett kurstillfälle ges under en tolvmånadersperiod skall ytterligare ett provtillfälle finnas för respektive prov.  Studerande som fått ett underkänt betyg på något av de fyra proven har rätt att genomgå ytterligare provtillfällen så länge kursen ges för att uppnå ett godkänt betyg. Studerande som fått lägst betyget E på Prov 1 eller 3 får inte genomgå förnyat prov för högre betyg. Studerande som fått betyget Fx eller F på Prov 1 eller 3, eller betyget U på Prov 2 eller 4, två gånger av en examinator har rätt att begära att en annan examinator utses för att bestämma den studerandes betyg vid nästa provtillfälle. Framställan härom skall göras skriftligt till prefekten.";"Kurslitteratur redovisas i bilaga.";"När kursplanen är upphävd har studenten rätt att examineras en gång per termin enligt föreliggande kursplan under en avvecklingsperiod på tre terminer. Framställan härom skall göras skriftligt till prefekten.";"Kursen kan inte ingå i examen tillsammans med kursen Statistikens grunder (ST110G) 15 hp, eller motsvarande.";"---";"2016-09-07";"Denna kursplan är fastställd av Statistiska institutionen vid Stockholms universitet 2010-10-06, reviderad 2011-06-09, 2014-03-12 och 2016-09-07. Beslut om upphävande är fattat av styrelsen för Statistiska institutionen vid Stockholm universitet 2023-01-25."
"20910";"1";"311";"Grundnivå";"ST131G";"Introduktion till statistik för statsvetare";"Introduction to statistics for political scientists";"7,5";"AF";"2011-08-29";"2441";"60";"EBMCSA";"Engelska B/Engelska 6, Matematik C/Matematik 3b alt 3c och Samhällskunskap A/Samhällskunskap 1b alt 1a1 +1a2.";"ST1";"Statistik";\N;"Saknar huvudområde";"Saknar huvudområde";"Kursen består av ett moment: 1. Statistik för statsvetare  Kursen ger en översikt av statistiska metoder som tillämpas inom stat och förvaltning. Kursens målsättning är att förmedla kunskap för att kritiskt kunna läsa och utvärdera rapporter med statistiskt innehåll.   Översiktligt behandlas: Statistiska mått, statistiska diagram, osäkerhet, hypotesprövning, linjära modeller, tidsseriemodeller, index, demografi, urval, datainsamlingsmetoder, olika typer av fel i undersökningar och hur man hanterar dessa, kritisk granskning. ";"Efter att ha genomgått kursen förväntas studenten kunna: • kritiskt granska den statistik som förekommer i  rapporter inom stat och förvaltning. ";"Undervisningen kan bestå av föreläsningar, övningar, seminarier, laborationer och handledning. Viss obligatorisk närvaro och andra obligatoriska inslag kan förekomma.";"a. Kursen examineras genom kunskapskontroll av de förväntade studieresultaten. Kunskapskontrollen sker genom skriftligt prov och/eller skriftlig redovisning av inlämningsuppgifter.  b. Betygssättning sker enligt en sjugradig målrelaterad betygsskala:  A = Utmärkt B = Mycket bra C = Bra  D = Tillfredsställande E  = Tillräckligt Fx = Otillräckligt F  =  Helt Otillräckligt  c. Kursens betygskriterier delas ut vid kursstart.  d. För att få godkänt slutbetyg på hela kursen krävs lägst betyget E på momentet.  e. Studerande som fått betyget Fx eller F på ett prov har rätt att genomgå minst fyra ytterligare prov så länge kursen ges för att uppnå lägst betyget E.  Studerande som fått lägst betyget E på prov får inte genomgå förnyat prov för högre betyg.  Studerande som fått betyget Fx eller F på prov två gånger av en examinator har rätt att begära att en annan examinator utses för att bestämma betyg på provet. Framställan härom ska skriftligt göras till prefekten. Med prov jämställs också andra obligatoriska inslag.  ";"Kurslitteratur redovisas i bilaga.";"Studerande kan begära att examination enligt denna kursplan genomförs upp till tre gånger efter sista kurstillfället. Framställan härom ska göras skriftligt till prefekten, senast två år efter sista kurstillfället. Med prov jämställs också andra obligatoriska inslag.";"";"";"2011-06-09";"Denna kursplan är fastställd av styrelsen för Statistiska institutionen vid Stockholms universitet 2011-06-09"
"20910";"1";"311";"Grundnivå";"ST131G";"Introduktion till statistik för statsvetare";"Introduction to statistics for political scientists";"7,5";"AF";"2013-09-02";"2441";"60";"EBMCSA";"Engelska B/Engelska 6, Matematik C/Matematik 3b alt 3c och Samhällskunskap A/Samhällskunskap 1b alt 1a1 +1a2.";"ST1";"Statistik";\N;"Saknar huvudområde";"Saknar huvudområde";"Kursen består av ett moment: 1. Statistik för statsvetare, tentamen 2. Statistik för statsvetare, inlämningsuppgift  Kursen ger en översikt av statistiska metoder som tillämpas inom stat och förvaltning. Kursens målsättning är att förmedla kunskap för att kritiskt kunna läsa och utvärdera rapporter med statistiskt innehåll.   Översiktligt behandlas: Statistiska mått, statistiska diagram, osäkerhet, hypotesprövning, linjära modeller, tidsseriemodeller, index, demografi, urval, datainsamlingsmetoder, olika typer av fel i undersökningar och hur man hanterar dessa, kritisk granskning. ";"Efter att ha genomgått kursen förväntas studenten kunna: • kritiskt granska den statistik som förekommer i  rapporter inom stat och förvaltning. ";"Undervisningen kan bestå av föreläsningar, övningar, seminarier, laborationer och handledning. Viss obligatorisk närvaro och andra obligatoriska inslag kan förekomma.";"a. Kursen examineras genom kunskapskontroll av de förväntade studieresultaten. Kunskapskontrollen sker genom skriftliga prov.  b. Betygssättning sker enligt en sjugradig målrelaterad betygsskala:  A = Utmärkt B = Mycket bra C = Bra  D = Tillfredsställande E  = Tillräckligt Fx = Otillräckligt F  =  Helt Otillräckligt  c. Kursens betygskriterier delas ut vid kursstart.  d. För att få godkänt slutbetyg på hela kursen krävs lägst betyget E på moment 1 samt godkänt på moment 2.  e. Studerande som fått betyget Fx eller F på ett prov har rätt att genomgå minst fyra ytterligare prov så länge kursen ges för att uppnå lägst betyget E.  Studerande som fått lägst betyget E på prov får inte genomgå förnyat prov för högre betyg.  Studerande som fått betyget Fx eller F på prov två gånger av en examinator har rätt att begära att en annan examinator utses för att bestämma betyg på provet. Framställan härom ska skriftligt göras till prefekten. Med prov jämställs också andra obligatoriska inslag.  ";"Kurslitteratur redovisas i bilaga.";"Studerande kan begära att examination enligt denna kursplan genomförs upp till tre gånger efter sista kurstillfället. Framställan härom ska göras skriftligt till prefekten, senast två år efter sista kurstillfället. Med prov jämställs också andra obligatoriska inslag.";"";"";"2013-02-27";"Denna kursplan är fastställd av styrelsen för Statistiska institutionen vid Stockholms universitet 2011-06-09, reviderad 2013-02-27."
"20910";"1";"311";"Grundnivå";"ST131G";"Introduktion till statistik för statsvetare";"Introduction to statistics for political scientists";"7,5";"AF";"2014-09-01";"2441";"60";"EBMCSA";"Engelska B/Engelska 6, Matematik C/Matematik 3b alt 3c och Samhällskunskap A/Samhällskunskap 1b alt 1a1 +1a2.";"ST1";"Statistik";\N;"Saknar huvudområde";"Saknar huvudområde";"Kursen består av ett moment: 1. Statistik för statsvetare, tentamen 2. Statistik för statsvetare, inlämningsuppgift  Kursen ger en översikt av statistiska metoder som tillämpas inom stat och förvaltning. Kursens målsättning är att förmedla kunskap för att kritiskt kunna läsa och utvärdera rapporter med statistiskt innehåll.   Översiktligt behandlas: Statistiska mått, statistiska diagram, osäkerhet, hypotesprövning, linjära modeller, tidsseriemodeller, index, demografi, urval, datainsamlingsmetoder, olika typer av fel i undersökningar och hur man hanterar dessa, kritisk granskning. ";"För godkänt resultat ska studenten kunna: • kritiskt granska den statistik som förekommer i  rapporter inom stat och förvaltning. ";"Undervisningen består av föreläsningar och övningar.";"a. Kursen examineras genom kunskapskontroll av de förväntade studieresultaten. Kunskapskontrollen sker genom skriftliga prov.  b. Betygssättning sker enligt en sjugradig målrelaterad betygsskala:  A = Utmärkt B = Mycket bra C = Bra  D = Tillfredsställande E  = Tillräckligt Fx = Otillräckligt F  =  Helt Otillräckligt  c. Kursens betygskriterier delas ut vid kursstart.  d. För att få godkänt slutbetyg på hela kursen krävs lägst betyget E på moment 1 samt godkänt på moment 2.  e. Studerande som fått betyget Fx eller F på ett prov har rätt att genomgå minst fyra ytterligare prov så länge kursen ges för att uppnå lägst betyget E.  Studerande som fått lägst betyget E på prov får inte genomgå förnyat prov för högre betyg. Såväl Fx som F är underkända betyg och kräver omexamination.  Studerande som fått betyget Fx eller F på prov två gånger av en examinator har rätt att begära att en annan examinator utses för att bestämma betyg på provet. Framställan härom ska skriftligt göras till prefekten. Med prov jämställs också andra obligatoriska inslag.  För varje kurstillfälle ska två examinationstillfällen finnas för aktuell termin.";"Kurslitteratur redovisas i bilaga.";"När kursplanen är upphävd har studenten rätt att examineras en gång per termin enligt föreliggande kursplan under en avvecklingsperiod på tre terminer. Framställan härom skall göras skriftligt till prefekten.";"";"";"2014-03-12";"Denna kursplan är fastställd av styrelsen för Statistiska institutionen vid Stockholms universitet 2011-06-09, reviderad 2013-02-27 och 2014-03-12."
"20910";"1";"311";"Grundnivå";"ST131G";"Introduktion till statistik för statsvetare";"Introduction to statistics for political scientists";"7,5";"AF";"2016-08-29";"2441";"60";"EBMCSA";"Engelska B/Engelska 6, Matematik C/Matematik 3b alt 3c och Samhällskunskap A/Samhällskunskap 1b alt 1a1 +1a2.";"ST1";"Statistik";\N;"Saknar huvudområde";"Saknar huvudområde";"Kursen består av endast en del och examineras genom två prov i enlighet med ovanstående provkoder, där ""Prov 1"" har provkod 11ST och ""Prov 2"" har provkod 12SI.  Kursen ger en översikt av statistiska metoder som tillämpas inom stat och förvaltning. Kursens målsättning är att förmedla kunskap för att kritiskt kunna läsa och utvärdera rapporter med statistiskt innehåll.   Översiktligt behandlas: Statistiska mått, statistiska diagram, osäkerhet, statistisk slutledning, linjära modeller, tidsseriemodeller, index, demografi, urval, datainsamlingsmetoder, olika typer av fel i undersökningar och hur man hanterar dessa, kritisk granskning.";"För godkänt resultat skall studenten kunna: I.     förstå och redogöra för enklare statistiska begrepp och metoder, II.    kritiskt granska den statistik som förekommer i rapporter inom stat och förvaltning, III.   översiktligt planera en statistisk undersökning.";"Undervisningen består av föreläsningar och övningar. Prov i form av skriftlig individuell salstentamen, skriftlig redovisning av grupparbete samt muntlig redovisning av grupparbete på seminarium ingår som obligatoriska inslag på kursen. Villkoren för samtliga prov preciseras nedan under avsnittet Kunskapskontroll och examination. Underkänt resultat på ett prov kräver omexamination. Tider för examinationstillfällen för samtliga prov fastställs senast en månad före kursstart.";"Kursen examineras genom kunskapskontroll av de förväntade studieresultaten. Kunskapskontrollen sker genom skriftliga och muntliga prov.  Betygssättning av kursen sker enligt en sjugradig målrelaterad betygsskala:  A = Utmärkt, B = Mycket bra, C = Bra, D = Tillfredsställande, E = Tillräckligt, Fx = Underkänd, något mer arbete krävs, F = Underkänd, mycket mer arbete krävs.  Kursens betygskriterier, för respektive prov på kursen, ges senast vid kursstart.  Prov 1 innebär en skriftlig individuell salstentamen.  Prov 1 omfattar de förväntade studieresultaten I och II. Betygssättning av Prov 1 sker enligt den sjugradiga skalan ovan, där såväl Fx som F är underkända betyg och kräver omexamination.  Prov 2 är en inlämningsuppgift som ska utföras i grupp, där redovisningen är såväl skriftlig som muntlig. Prov 2 omfattar de förväntade studieresultaten II och III. Betygssättning av Prov 2 sker enligt en tvågradig målrelaterad betygsskala: G = Godkänd, U = Underkänd. En bedömning av den enskildes prestation, inom arbetsgruppen, måste möjliggöras och dokumenteras.  För att få godkänt slutbetyg på hela kursen krävs lägst betyget E på Prov 1 samt betyget G på Prov 2. Sammanvägt betyg på hela kursen likställs med betyget på Prov 1.  Vid varje kurstillfälle skall två provtillfällen finnas för samtliga prov. Om endast ett kurstillfälle ges under en tolvmånadersperiod skall ytterligare minst ett provtillfälle finnas för respektive prov.  Studerande som fått ett underkänt betyg på något av de båda proven har rätt att genomgå ytterligare provtillfällen så länge kursen ges för att uppnå ett godkänt betyg. Studerande som fått lägst betyget E på Prov 1 får inte genomgå förnyat prov för högre betyg. Studerande som fått betyget Fx eller F på Prov 1, eller betyget U på Prov 2, två gånger av en examinator har rätt att begära att en annan examinator utses för att bestämma den studerandes betyg vid nästa provtillfälle. Framställan härom skall göras skriftligt till prefekten.";"Kurslitteratur redovisas i bilaga.";"När kursplanen är upphävd har studenten rätt att examineras en gång per termin enligt föreliggande kursplan under en avvecklingsperiod på tre terminer. Framställan härom skall göras skriftligt till prefekten.";"Kursen kan inte ingå i examen tillsammans med någon av kurserna Statistik I (ST107G) 30 hp, Statistikens grunder (ST111G) 15 hp, Regressionsanalys och undersökningsmetodik (ST123G) 15 hp, Statistik med inriktning mot samhällsplanering (ST133G) 30 hp och Grundläggande statistik för ekonomer (STE101) 15 hp, eller motsvarande.";"---";"2016-05-04";"Denna kursplan är fastställd av styrelsen för Statistiska institutionen vid Stockholms universitet 2011-06-09, reviderad 2013-02-27, 2014-03-12 och 2016-05-04."
